Customer_ID,Model_Code,Model_Name,Manufacturer,Release_Date,Activation_Date,Months_in_Use,Launch_Price,Network_Type,OS_Version,Storage_Capacity_GB,Battery_Health_Pct,Display_Size_Inch,RAM_GB,Processor,Camera_MP,Wireless_Charging,Biometric_Type,Remaining_Installment,Avg_Data_Usage_GB,Peak_Usage_Time,Wi_Fi_Ratio_Pct,Roaming_Count_1Yr,Tethering_Usage_GB,Top_App_Category,Connected_Devices_Count,Brand_Loyalty_Score,Avg_Replacement_Cycle_Months,Preferred_Channel,Subsidy_Type,Device_Insurance,Trade_in_Program,Bundling_Status,Repair_History_Count
CUST_0001,SM-S921,Galaxy S24,Samsung,2024-04-11,2024-08-14,20,1150000,5G,Android 14,256,85.8,6.8,8,Snapdragon Gen 3,200,Yes,Fingerprint,191666,69.29,02:00,37,1,10.11,Game,1,9,31,Online Shop,Selective Contract,No,Yes,Single,3
CUST_0002,23127PN0CG,Xiaomi 14,Xiaomi,2024-12-12,2025-04-01,12,900000,5G,Android 14,512,90.4,6.7,16,A17 Pro,108,Yes,Both,600000,14.19,14:00,78,0,19.46,Business,0,9,27,Agency,Selective Contract,Yes,Yes,Single,1
CUST_0003,23127PN0CG,Xiaomi 14,Xiaomi,2024-07-07,2024-08-27,20,900000,5G,Android 14,1024,86.7,6.7,8,A17 Pro,108,Yes,Both,400000,20.45,20:00,31,4,14.58,SNS,3,7,26,Agency,Device Subsidy,No,Yes,Single,0
CUST_0004,23127PN0CG,Xiaomi 14,Xiaomi,2024-04-26,2024-05-29,23,900000,5G,Android 14,256,88.7,6.7,12,A17 Pro,200,Yes,Face ID,325000,25.2,04:00,41,5,11.23,Video,3,10,30,Direct Store,Device Subsidy,Yes,No,Single,0
CUST_0005,SM-S921,Galaxy S24,Samsung,2024-12-03,2025-11-16,5,1150000,5G,Android 14,1024,97.6,6.7,16,Snapdragon Gen 3,108,Yes,Both,990277,41.25,23:00,24,5,17.7,Video,2,2,27,Direct Store,Device Subsidy,No,Yes,Internet+TV,2
CUST_0006,A2894,iPhone 14,Apple,2025-03-23,2026-02-06,2,1000000,5G,iOS 17,512,100.9,6.1,6,A17 Pro,108,No,Fingerprint,916666,19.52,03:00,56,2,4.79,SNS,0,2,41,Direct Store,Device Subsidy,Yes,Yes,Internet+TV,3
CUST_0007,A3106,iPhone 15 Pro,Apple,2022-11-11,2023-09-17,31,1550000,5G,iOS 17,1024,84.2,6.7,8,A17 Pro,200,No,Fingerprint,0,72.73,07:00,38,0,6.76,Shopping,1,10,25,Online Shop,Device Subsidy,Yes,Yes,Single,0
CUST_0008,23127PN0CG,Xiaomi 14,Xiaomi,2022-12-09,2023-04-09,36,900000,5G,Android 14,512,79.4,6.8,16,A17 Pro,200,Yes,Face ID,0,56.23,13:00,34,0,1.94,Business,2,7,31,Direct Store,Device Subsidy,Yes,Yes,Family,2
CUST_0009,SM-S921,Galaxy S24,Samsung,2024-09-29,2025-01-04,15,1150000,5G,Android 14,1024,88.8,6.1,8,Snapdragon Gen 3,200,Yes,Fingerprint,431250,31.46,20:00,79,0,19.38,SNS,1,7,33,Direct Store,Device Subsidy,No,Yes,Single,3
CUST_0010,SM-S928,Galaxy S24 Ultra,Samsung,2024-05-01,2024-12-19,16,1690000,5G,Android 14,512,89.9,6.7,8,Snapdragon Gen 3,48,Yes,Both,938888,19.71,10:00,17,0,11.68,Shopping,1,1,48,Agency,Device Subsidy,Yes,Yes,Internet+TV,0
CUST_0011,A3106,iPhone 15 Pro,Apple,2025-02-23,2025-12-11,4,1550000,5G,iOS 17,256,98.1,6.7,8,A17 Pro,108,Yes,Both,1291666,63.84,22:00,50,1,5.31,SNS,2,8,28,Online Shop,Device Subsidy,No,Yes,Single,4
CUST_0012,A2894,iPhone 14,Apple,2024-05-01,2024-07-07,21,1000000,5G,iOS 17,512,89.7,6.1,8,A17 Pro,108,Yes,Both,125000,40.11,17:00,48,5,2.07,SNS,2,2,46,Online Shop,Device Subsidy,No,No,Internet+TV,1
CUST_0013,23127PN0CG,Xiaomi 14,Xiaomi,2024-05-04,2025-01-17,15,900000,5G,Android 14,1024,89.5,6.7,12,A17 Pro,48,Yes,Face ID,337500,13.77,04:00,43,1,14.82,Shopping,3,9,18,Online Shop,Device Subsidy,Yes,Yes,Family,4
CUST_0014,A3106,iPhone 15 Pro,Apple,2025-02-07,2025-02-28,14,1550000,5G,iOS 17,512,90.8,6.1,6,A17 Pro,48,No,Both,645833,90.4,13:00,89,5,3.09,SNS,1,3,46,Direct Store,Device Subsidy,Yes,No,Family,1
CUST_0015,23127PN0CG,Xiaomi 14,Xiaomi,2025-03-19,2025-09-30,7,900000,5G,Android 14,128,98.0,6.7,12,A17 Pro,108,Yes,Fingerprint,637499,23.96,00:00,34,3,6.57,Game,2,6,38,Agency,Selective Contract,No,Yes,Single,2
CUST_0016,A2894,iPhone 14,Apple,2024-05-01,2024-05-20,23,1000000,5G,iOS 17,128,86.8,6.7,8,A17 Pro,48,No,Both,361111,74.21,06:00,42,0,14.18,Game,1,6,31,Online Shop,Selective Contract,No,Yes,Internet+TV,2
CUST_0017,23127PN0CG,Xiaomi 14,Xiaomi,2023-12-28,2024-07-21,21,900000,5G,Android 14,512,87.7,6.7,16,A17 Pro,50,No,Face ID,112500,44.94,17:00,10,2,5.74,Business,2,8,32,Direct Store,Device Subsidy,No,Yes,Internet+TV,0
CUST_0018,23127PN0CG,Xiaomi 14,Xiaomi,2025-04-18,2025-08-16,8,900000,5G,Android 14,512,93.5,6.1,8,A17 Pro,200,Yes,Face ID,600000,19.0,13:00,90,4,3.89,Finance,3,8,30,Online Shop,Device Subsidy,Yes,Yes,Family,1
CUST_0019,A2894,iPhone 14,Apple,2022-12-01,2023-07-26,33,1000000,5G,iOS 17,128,80.5,6.7,8,A17 Pro,200,No,Both,0,48.36,14:00,30,5,17.23,Business,2,4,44,Agency,Selective Contract,No,Yes,Family,3
CUST_0020,SM-A546,Galaxy A54,Samsung,2024-03-20,2024-07-18,21,590000,5G,Android 14,512,86.4,6.1,12,Snapdragon Gen 3,50,Yes,Fingerprint,73750,18.15,13:00,62,2,10.85,Business,0,4,44,Direct Store,Selective Contract,Yes,No,Family,0
CUST_0021,23127PN0CG,Xiaomi 14,Xiaomi,2023-08-20,2024-03-21,25,900000,5G,Android 14,256,84.9,6.1,12,A17 Pro,108,No,Both,275000,46.4,05:00,69,1,19.61,Shopping,0,7,36,Agency,Device Subsidy,Yes,No,Single,3
CUST_0022,A3102,iPhone 15,Apple,2024-05-12,2024-11-22,17,1250000,5G,iOS 17,512,88.1,6.7,8,A17 Pro,200,No,Fingerprint,659722,37.06,15:00,12,5,10.79,Video,1,2,42,Agency,Device Subsidy,Yes,Yes,Single,0
CUST_0023,A3102,iPhone 15,Apple,2025-02-10,2025-10-10,6,1250000,5G,iOS 17,128,96.8,6.7,8,A17 Pro,50,Yes,Fingerprint,937500,49.18,09:00,23,4,0.51,Video,3,7,48,Agency,Device Subsidy,Yes,Yes,Single,2
CUST_0024,SM-A546,Galaxy A54,Samsung,2025-08-03,2026-01-27,3,590000,5G,Android 14,1024,99.2,6.7,8,Snapdragon Gen 3,200,No,Fingerprint,516250,53.07,13:00,56,5,17.83,Business,1,7,23,Agency,Selective Contract,No,No,Family,4
CUST_0025,23127PN0CG,Xiaomi 14,Xiaomi,2024-06-11,2024-07-25,21,900000,5G,Android 14,512,89.7,6.8,16,A17 Pro,200,No,Fingerprint,112500,76.3,15:00,51,1,9.75,Video,2,6,26,Agency,Selective Contract,Yes,Yes,Single,1
CUST_0026,G82U8,Pixel 8,Google,2022-09-15,2023-01-16,39,850000,5G,Android 14,1024,77.5,6.1,8,A17 Pro,108,Yes,Face ID,0,47.58,22:00,41,2,13.28,Video,3,9,34,Direct Store,Selective Contract,No,No,Internet+TV,3
CUST_0027,23127PN0CG,Xiaomi 14,Xiaomi,2024-05-30,2024-09-25,19,900000,5G,Android 14,128,89.9,6.8,16,A17 Pro,50,Yes,Fingerprint,425000,16.36,23:00,71,2,14.49,Shopping,2,2,44,Online Shop,Selective Contract,Yes,No,Single,2
CUST_0028,SM-A546,Galaxy A54,Samsung,2022-10-29,2023-01-01,39,590000,5G,Android 14,512,75.0,6.8,8,Snapdragon Gen 3,200,Yes,Fingerprint,0,57.57,18:00,46,3,9.57,Video,1,1,26,Direct Store,Device Subsidy,Yes,No,Family,0
CUST_0029,SM-S921,Galaxy S24,Samsung,2024-12-25,2025-10-09,6,1150000,5G,Android 14,512,93.9,6.7,16,Snapdragon Gen 3,50,No,Face ID,862500,16.25,14:00,48,4,19.8,Video,0,10,48,Agency,Device Subsidy,Yes,Yes,Family,0
CUST_0030,A3102,iPhone 15,Apple,2024-11-05,2025-08-14,8,1250000,5G,iOS 17,128,93.1,6.8,8,A17 Pro,108,Yes,Fingerprint,972222,47.8,09:00,46,5,17.19,Game,1,5,43,Agency,Device Subsidy,No,Yes,Internet+TV,1
CUST_0031,A3106,iPhone 15 Pro,Apple,2025-01-08,2025-02-13,14,1550000,5G,iOS 17,128,89.6,6.8,8,A17 Pro,200,Yes,Face ID,947222,61.53,22:00,48,5,8.05,Video,3,8,20,Agency,Device Subsidy,No,No,Internet+TV,2
CUST_0032,SM-S921,Galaxy S24,Samsung,2024-07-15,2025-06-25,10,1150000,5G,Android 14,128,97.0,6.1,12,Snapdragon Gen 3,200,No,Fingerprint,830555,59.74,18:00,65,5,16.28,Game,3,6,31,Direct Store,Selective Contract,Yes,Yes,Family,3
CUST_0033,G82U8,Pixel 8,Google,2023-07-29,2024-05-05,23,850000,5G,Android 14,128,85.9,6.1,12,A17 Pro,48,No,Face ID,306944,28.98,01:00,34,4,7.24,Business,3,1,24,Direct Store,Device Subsidy,No,No,Internet+TV,3
CUST_0034,SM-S921,Galaxy S24,Samsung,2022-05-29,2022-09-28,43,1150000,5G,Android 14,256,75.0,6.1,8,Snapdragon Gen 3,48,No,Fingerprint,0,57.46,20:00,29,3,18.65,Video,2,7,44,Direct Store,Selective Contract,Yes,No,Internet+TV,1
CUST_0035,G82U8,Pixel 8,Google,2022-06-17,2023-03-04,37,850000,5G,Android 14,256,80.0,6.7,12,A17 Pro,108,Yes,Face ID,0,78.4,23:00,48,4,11.6,Finance,3,3,32,Agency,Selective Contract,No,No,Internet+TV,4
CUST_0036,G82U8,Pixel 8,Google,2024-01-06,2024-04-11,24,850000,5G,Android 14,256,86.0,6.7,8,A17 Pro,108,No,Both,0,86.32,12:00,59,5,15.85,Finance,1,8,48,Online Shop,Device Subsidy,No,Yes,Family,0
CUST_0037,G82U8,Pixel 8,Google,2025-01-04,2025-08-01,8,850000,5G,Android 14,256,92.6,6.8,12,A17 Pro,48,No,Both,661111,37.16,17:00,58,2,12.54,Business,0,10,20,Online Shop,Selective Contract,Yes,Yes,Family,0
CUST_0038,SM-S928,Galaxy S24 Ultra,Samsung,2024-11-20,2025-11-10,5,1690000,5G,Android 14,512,99.4,6.1,12,Snapdragon Gen 3,108,No,Face ID,1337916,35.82,04:00,41,4,8.24,Finance,1,3,23,Online Shop,Selective Contract,Yes,No,Internet+TV,1
CUST_0039,A3106,iPhone 15 Pro,Apple,2024-05-24,2025-01-14,15,1550000,5G,iOS 17,512,92.0,6.8,6,A17 Pro,48,No,Face ID,904166,90.61,18:00,48,5,19.24,Finance,2,8,45,Direct Store,Device Subsidy,No,No,Single,1
CUST_0040,G82U8,Pixel 8,Google,2022-08-06,2023-01-04,39,850000,5G,Android 14,512,75.0,6.8,16,A17 Pro,48,No,Face ID,0,31.08,07:00,87,2,4.38,SNS,2,3,38,Online Shop,Device Subsidy,No,No,Single,4
CUST_0041,23127PN0CG,Xiaomi 14,Xiaomi,2025-04-25,2025-09-23,7,900000,5G,Android 14,512,97.3,6.8,12,A17 Pro,108,Yes,Face ID,637499,24.08,15:00,47,5,17.41,Game,3,2,22,Online Shop,Selective Contract,No,Yes,Family,0
CUST_0042,23127PN0CG,Xiaomi 14,Xiaomi,2023-04-09,2023-10-14,30,900000,5G,Android 14,512,82.5,6.1,12,A17 Pro,48,No,Both,149999,15.29,07:00,18,5,16.48,Finance,2,7,21,Online Shop,Device Subsidy,Yes,No,Family,0
CUST_0043,SM-S921,Galaxy S24,Samsung,2022-10-22,2022-12-30,40,1150000,5G,Android 14,1024,75.7,6.8,8,Snapdragon Gen 3,200,Yes,Face ID,0,60.8,19:00,62,2,0.65,Video,1,8,32,Online Shop,Selective Contract,Yes,No,Internet+TV,2
CUST_0044,SM-S928,Galaxy S24 Ultra,Samsung,2024-04-09,2024-07-15,21,1690000,5G,Android 14,128,90.1,6.1,16,Snapdragon Gen 3,48,Yes,Face ID,704166,13.71,07:00,26,4,4.1,Shopping,1,10,24,Online Shop,Selective Contract,Yes,Yes,Family,1
CUST_0045,A2894,iPhone 14,Apple,2024-05-31,2024-08-28,20,1000000,5G,iOS 17,128,89.0,6.7,6,A17 Pro,108,Yes,Fingerprint,166666,17.52,08:00,16,1,14.83,Shopping,0,2,33,Direct Store,Selective Contract,Yes,No,Internet+TV,1
CUST_0046,SM-A546,Galaxy A54,Samsung,2022-11-24,2023-04-27,36,590000,5G,Android 14,1024,79.3,6.7,12,Snapdragon Gen 3,200,Yes,Face ID,0,10.78,22:00,66,0,17.99,Video,1,2,22,Direct Store,Selective Contract,No,No,Family,4
CUST_0047,G82U8,Pixel 8,Google,2025-03-06,2026-02-04,2,850000,5G,Android 14,256,98.4,6.7,12,A17 Pro,200,Yes,Face ID,779166,44.31,13:00,50,5,5.1,SNS,3,2,20,Online Shop,Device Subsidy,No,Yes,Internet+TV,2
CUST_0048,A2894,iPhone 14,Apple,2025-06-26,2026-04-22,0,1000000,5G,iOS 17,512,101.0,6.8,8,A17 Pro,48,No,Both,1000000,38.59,09:00,55,0,11.56,SNS,1,8,25,Online Shop,Selective Contract,No,Yes,Family,4
CUST_0049,A3106,iPhone 15 Pro,Apple,2022-09-04,2023-07-19,33,1550000,5G,iOS 17,128,80.9,6.7,8,A17 Pro,108,No,Fingerprint,129166,7.75,05:00,28,4,13.15,Game,1,1,20,Agency,Device Subsidy,No,No,Family,2
CUST_0050,A3106,iPhone 15 Pro,Apple,2024-01-27,2024-07-11,21,1550000,5G,iOS 17,128,89.7,6.8,6,A17 Pro,48,No,Face ID,193750,19.95,21:00,64,3,12.14,Business,2,4,42,Agency,Device Subsidy,No,No,Single,2
CUST_0051,G82U8,Pixel 8,Google,2025-07-25,2025-11-14,5,850000,5G,Android 14,1024,99.9,6.7,8,A17 Pro,50,No,Face ID,672916,5.73,10:00,25,0,9.95,Business,1,3,30,Agency,Device Subsidy,No,Yes,Family,0
CUST_0052,G82U8,Pixel 8,Google,2023-03-30,2023-05-08,35,850000,5G,Android 14,512,79.5,6.7,12,A17 Pro,48,No,Fingerprint,23611,72.4,10:00,31,4,9.2,Finance,2,2,31,Online Shop,Device Subsidy,No,No,Internet+TV,0
CUST_0053,G82U8,Pixel 8,Google,2023-12-01,2024-03-23,25,850000,5G,Android 14,512,86.7,6.1,16,A17 Pro,50,No,Face ID,0,53.5,23:00,28,1,2.06,Video,1,3,37,Online Shop,Device Subsidy,Yes,No,Family,4
CUST_0054,G82U8,Pixel 8,Google,2024-01-18,2024-04-04,24,850000,5G,Android 14,1024,83.0,6.7,16,A17 Pro,48,No,Both,283333,64.98,02:00,49,3,9.04,Game,2,5,20,Agency,Device Subsidy,No,No,Internet+TV,4
CUST_0055,SM-S928,Galaxy S24 Ultra,Samsung,2022-08-13,2023-07-12,33,1690000,5G,Android 14,256,79.1,6.1,12,Snapdragon Gen 3,48,No,Both,140833,52.63,02:00,74,5,3.45,SNS,3,8,34,Agency,Device Subsidy,No,No,Family,3
CUST_0056,G82U8,Pixel 8,Google,2022-06-20,2022-07-16,45,850000,5G,Android 14,512,75.0,6.7,12,A17 Pro,108,Yes,Face ID,0,58.01,02:00,84,5,2.83,Video,2,7,22,Agency,Device Subsidy,No,No,Internet+TV,2
CUST_0057,A2894,iPhone 14,Apple,2022-11-13,2022-12-30,40,1000000,5G,iOS 17,1024,76.1,6.1,6,A17 Pro,108,No,Fingerprint,0,39.45,07:00,27,1,1.54,Game,0,6,46,Agency,Device Subsidy,No,Yes,Single,1
CUST_0058,A2894,iPhone 14,Apple,2023-05-14,2023-06-05,34,1000000,5G,iOS 17,1024,78.8,6.8,8,A17 Pro,200,Yes,Both,0,97.11,07:00,49,3,18.08,SNS,2,10,32,Direct Store,Selective Contract,No,No,Single,1
CUST_0059,A3106,iPhone 15 Pro,Apple,2025-07-12,2026-04-08,0,1550000,5G,iOS 17,512,100.3,6.8,6,A17 Pro,108,Yes,Fingerprint,1550000,72.58,08:00,67,4,2.95,Business,0,4,44,Direct Store,Selective Contract,Yes,No,Single,3
CUST_0060,23127PN0CG,Xiaomi 14,Xiaomi,2023-08-28,2023-10-08,30,900000,5G,Android 14,512,80.3,6.8,16,A17 Pro,108,Yes,Fingerprint,149999,93.43,01:00,46,3,13.92,SNS,3,8,37,Online Shop,Device Subsidy,Yes,No,Single,1
CUST_0061,G82U8,Pixel 8,Google,2024-03-15,2024-07-14,21,850000,5G,Android 14,512,85.1,6.8,12,A17 Pro,48,Yes,Face ID,106250,44.88,19:00,78,0,12.64,Shopping,1,3,27,Direct Store,Device Subsidy,No,Yes,Internet+TV,3
CUST_0062,A2894,iPhone 14,Apple,2025-05-04,2026-01-27,3,1000000,5G,iOS 17,512,95.6,6.7,6,A17 Pro,200,No,Face ID,875000,42.09,23:00,12,2,15.77,Video,1,2,42,Agency,Selective Contract,Yes,Yes,Family,4
CUST_0063,23127PN0CG,Xiaomi 14,Xiaomi,2023-03-20,2024-03-10,25,900000,5G,Android 14,1024,85.8,6.7,8,A17 Pro,108,Yes,Fingerprint,0,10.99,06:00,15,2,18.67,Shopping,3,9,33,Direct Store,Device Subsidy,Yes,No,Family,0
CUST_0064,23127PN0CG,Xiaomi 14,Xiaomi,2025-02-14,2025-08-21,8,900000,5G,Android 14,1024,97.5,6.7,12,A17 Pro,50,No,Both,700000,89.99,15:00,57,4,5.33,Game,3,2,31,Agency,Device Subsidy,No,No,Single,0
CUST_0065,23127PN0CG,Xiaomi 14,Xiaomi,2024-02-07,2024-09-22,19,900000,5G,Android 14,1024,86.6,6.1,16,A17 Pro,108,No,Face ID,425000,38.4,20:00,17,0,13.42,Business,2,9,43,Agency,Device Subsidy,Yes,Yes,Internet+TV,3
CUST_0066,SM-S921,Galaxy S24,Samsung,2025-06-11,2025-10-09,6,1150000,5G,Android 14,512,95.6,6.8,12,Snapdragon Gen 3,108,No,Face ID,862500,62.48,02:00,83,1,10.59,Business,2,5,25,Online Shop,Device Subsidy,Yes,No,Internet+TV,3
CUST_0067,SM-S928,Galaxy S24 Ultra,Samsung,2024-05-11,2025-05-06,11,1690000,5G,Android 14,1024,91.7,6.7,8,Snapdragon Gen 3,48,Yes,Fingerprint,1173611,70.93,14:00,32,5,8.9,Game,2,6,40,Online Shop,Selective Contract,No,Yes,Internet+TV,1
CUST_0068,23127PN0CG,Xiaomi 14,Xiaomi,2025-02-20,2025-06-02,10,900000,5G,Android 14,256,92.4,6.8,16,A17 Pro,108,No,Both,650000,7.5,04:00,88,0,1.31,Business,3,9,31,Direct Store,Device Subsidy,Yes,No,Internet+TV,0
CUST_0069,G82U8,Pixel 8,Google,2022-12-02,2023-05-27,35,850000,5G,Android 14,256,81.3,6.1,12,A17 Pro,48,Yes,Both,0,77.94,04:00,48,1,3.24,Finance,1,6,48,Agency,Selective Contract,Yes,No,Single,4
CUST_0070,23127PN0CG,Xiaomi 14,Xiaomi,2022-04-25,2022-09-27,43,900000,5G,Android 14,128,75.0,6.8,8,A17 Pro,50,No,Both,0,61.22,01:00,13,0,0.91,Finance,2,4,42,Agency,Selective Contract,Yes,No,Internet+TV,4
CUST_0071,23127PN0CG,Xiaomi 14,Xiaomi,2023-02-10,2023-06-15,34,900000,5G,Android 14,1024,78.4,6.1,12,A17 Pro,200,No,Face ID,0,70.42,06:00,53,4,2.87,Finance,2,6,30,Online Shop,Selective Contract,Yes,No,Single,3
CUST_0072,SM-S928,Galaxy S24 Ultra,Samsung,2023-04-20,2023-08-24,32,1690000,5G,Android 14,256,78.4,6.8,12,Snapdragon Gen 3,50,Yes,Face ID,187777,94.81,18:00,50,1,15.26,Business,3,8,46,Direct Store,Selective Contract,Yes,Yes,Family,4
CUST_0073,G82U8,Pixel 8,Google,2024-08-12,2025-06-06,10,850000,5G,Android 14,512,91.3,6.8,16,A17 Pro,200,No,Both,613888,52.01,00:00,23,3,2.68,Video,2,7,29,Online Shop,Selective Contract,Yes,Yes,Family,4
CUST_0074,23127PN0CG,Xiaomi 14,Xiaomi,2023-08-27,2024-05-11,23,900000,5G,Android 14,1024,87.8,6.8,16,A17 Pro,48,Yes,Fingerprint,325000,83.4,12:00,57,2,11.16,Video,1,4,37,Agency,Selective Contract,Yes,Yes,Single,1
CUST_0075,23127PN0CG,Xiaomi 14,Xiaomi,2022-11-28,2023-07-19,33,900000,5G,Android 14,256,80.8,6.8,12,A17 Pro,50,No,Both,0,36.16,23:00,48,4,6.73,Shopping,3,10,27,Direct Store,Device Subsidy,No,No,Internet+TV,0
CUST_0076,G82U8,Pixel 8,Google,2025-09-02,2026-04-08,0,850000,5G,Android 14,512,102.8,6.8,12,A17 Pro,50,No,Fingerprint,850000,73.53,21:00,41,0,11.45,Finance,0,4,18,Direct Store,Selective Contract,No,Yes,Family,1
CUST_0077,G82U8,Pixel 8,Google,2025-06-21,2026-04-19,0,850000,5G,Android 14,256,100.4,6.7,8,A17 Pro,200,No,Both,850000,54.92,11:00,43,4,9.68,SNS,2,9,27,Online Shop,Selective Contract,No,Yes,Internet+TV,3
CUST_0078,23127PN0CG,Xiaomi 14,Xiaomi,2023-11-12,2024-08-24,20,900000,5G,Android 14,512,86.7,6.7,12,A17 Pro,50,No,Fingerprint,400000,90.1,09:00,20,2,18.48,Finance,2,8,24,Online Shop,Selective Contract,No,Yes,Single,4
CUST_0079,A3102,iPhone 15,Apple,2025-07-15,2026-03-26,1,1250000,5G,iOS 17,256,100.2,6.7,8,A17 Pro,48,Yes,Fingerprint,1197916,14.52,17:00,30,3,13.06,Business,3,4,42,Direct Store,Selective Contract,No,Yes,Single,4
CUST_0080,A2894,iPhone 14,Apple,2025-08-11,2025-11-08,5,1000000,5G,iOS 17,1024,99.3,6.1,8,A17 Pro,200,Yes,Both,791666,93.72,09:00,14,0,5.97,Shopping,0,6,27,Direct Store,Selective Contract,Yes,No,Family,1
CUST_0081,SM-S928,Galaxy S24 Ultra,Samsung,2024-11-28,2025-07-20,9,1690000,5G,Android 14,512,95.9,6.7,16,Snapdragon Gen 3,50,Yes,Both,1056250,74.98,20:00,61,3,10.31,Game,3,2,23,Online Shop,Selective Contract,No,Yes,Single,2
CUST_0082,G82U8,Pixel 8,Google,2023-04-26,2023-09-09,31,850000,5G,Android 14,512,80.2,6.7,16,A17 Pro,50,Yes,Both,0,29.85,03:00,69,2,3.19,Finance,2,2,38,Direct Store,Selective Contract,Yes,Yes,Single,3
CUST_0083,A3106,iPhone 15 Pro,Apple,2022-06-04,2022-12-12,40,1550000,5G,iOS 17,1024,77.2,6.8,6,A17 Pro,50,Yes,Both,0,76.95,14:00,77,5,7.24,Shopping,0,1,44,Agency,Device Subsidy,Yes,Yes,Family,4
CUST_0084,G82U8,Pixel 8,Google,2024-09-01,2025-06-26,10,850000,5G,Android 14,1024,91.5,6.7,8,A17 Pro,200,No,Both,613888,81.83,01:00,81,3,13.46,Video,0,7,26,Online Shop,Device Subsidy,Yes,Yes,Family,2
CUST_0085,SM-A546,Galaxy A54,Samsung,2025-06-25,2025-07-30,9,590000,5G,Android 14,1024,91.8,6.1,16,Snapdragon Gen 3,200,No,Face ID,442500,22.1,14:00,58,3,1.6,Finance,1,6,21,Online Shop,Selective Contract,Yes,Yes,Single,0
CUST_0086,23127PN0CG,Xiaomi 14,Xiaomi,2022-10-07,2023-05-12,35,900000,5G,Android 14,1024,80.9,6.1,12,A17 Pro,50,Yes,Fingerprint,0,48.76,21:00,63,4,15.32,Game,1,4,20,Online Shop,Device Subsidy,No,Yes,Single,0
CUST_0087,G82U8,Pixel 8,Google,2024-07-04,2025-04-06,12,850000,5G,Android 14,256,94.3,6.7,8,A17 Pro,108,No,Fingerprint,425000,18.31,09:00,28,5,10.43,Business,2,5,19,Agency,Device Subsidy,No,No,Single,2
CUST_0088,G82U8,Pixel 8,Google,2023-06-27,2024-01-22,27,850000,5G,Android 14,256,82.6,6.7,8,A17 Pro,50,No,Both,0,76.67,04:00,69,0,11.25,Business,1,7,25,Direct Store,Device Subsidy,No,Yes,Family,2
CUST_0089,SM-A546,Galaxy A54,Samsung,2024-10-01,2024-10-27,18,590000,5G,Android 14,512,88.5,6.1,16,Snapdragon Gen 3,50,No,Fingerprint,147500,87.99,10:00,48,0,4.24,SNS,0,8,47,Online Shop,Device Subsidy,No,Yes,Internet+TV,2
CUST_0090,23127PN0CG,Xiaomi 14,Xiaomi,2023-03-17,2023-12-15,28,900000,5G,Android 14,512,82.1,6.7,12,A17 Pro,48,No,Face ID,200000,53.72,06:00,57,2,8.28,Shopping,1,3,18,Direct Store,Selective Contract,No,Yes,Single,2
CUST_0091,A3106,iPhone 15 Pro,Apple,2022-08-17,2022-12-20,40,1550000,5G,iOS 17,1024,76.3,6.7,8,A17 Pro,200,Yes,Both,0,29.45,11:00,31,1,14.41,Business,1,9,38,Online Shop,Device Subsidy,Yes,Yes,Single,3
CUST_0092,A2894,iPhone 14,Apple,2024-07-10,2024-08-13,20,1000000,5G,iOS 17,256,85.1,6.8,8,A17 Pro,200,Yes,Fingerprint,444444,40.45,17:00,80,3,0.24,Shopping,2,9,27,Online Shop,Selective Contract,Yes,Yes,Single,4
CUST_0093,A3102,iPhone 15,Apple,2024-09-28,2025-08-11,8,1250000,5G,iOS 17,512,97.1,6.1,8,A17 Pro,200,No,Both,972222,80.52,07:00,38,2,13.68,Game,0,2,30,Direct Store,Selective Contract,No,Yes,Internet+TV,0
CUST_0094,A3102,iPhone 15,Apple,2023-01-07,2023-08-17,32,1250000,5G,iOS 17,512,81.2,6.1,6,A17 Pro,50,No,Face ID,0,90.01,01:00,19,5,18.51,Shopping,0,3,47,Direct Store,Device Subsidy,Yes,Yes,Internet+TV,3
CUST_0095,SM-S928,Galaxy S24 Ultra,Samsung,2024-11-28,2025-09-12,7,1690000,5G,Android 14,256,96.2,6.8,12,Snapdragon Gen 3,200,Yes,Both,1361388,69.32,23:00,20,4,14.91,Video,0,2,31,Online Shop,Device Subsidy,No,No,Family,0
CUST_0096,23127PN0CG,Xiaomi 14,Xiaomi,2023-01-26,2023-05-22,35,900000,5G,Android 14,512,79.3,6.8,16,A17 Pro,200,Yes,Both,25000,46.03,09:00,41,5,1.47,Video,1,7,40,Agency,Device Subsidy,No,No,Family,0
CUST_0097,SM-S921,Galaxy S24,Samsung,2024-02-03,2024-09-17,19,1150000,5G,Android 14,512,90.2,6.1,12,Snapdragon Gen 3,200,No,Fingerprint,239583,17.59,00:00,21,2,11.08,Shopping,2,7,18,Direct Store,Selective Contract,No,Yes,Internet+TV,4
CUST_0098,A2894,iPhone 14,Apple,2022-11-24,2023-02-18,38,1000000,5G,iOS 17,1024,75.2,6.7,6,A17 Pro,48,Yes,Face ID,0,33.61,08:00,63,2,9.68,Game,2,5,48,Online Shop,Selective Contract,Yes,No,Single,1
CUST_0099,23127PN0CG,Xiaomi 14,Xiaomi,2023-08-08,2024-01-25,27,900000,5G,Android 14,1024,85.6,6.7,16,A17 Pro,50,No,Face ID,225000,46.82,19:00,35,3,6.28,Business,2,5,41,Agency,Selective Contract,Yes,No,Family,2
CUST_0100,G82U8,Pixel 8,Google,2025-03-07,2025-12-20,4,850000,5G,Android 14,256,98.2,6.8,8,A17 Pro,200,Yes,Face ID,708333,69.76,09:00,18,3,13.46,SNS,2,4,26,Agency,Device Subsidy,No,No,Single,3
CUST_0101,G82U8,Pixel 8,Google,2022-10-28,2023-07-14,33,850000,5G,Android 14,1024,80.5,6.8,16,A17 Pro,48,Yes,Fingerprint,70833,71.66,21:00,55,1,12.94,Game,3,6,48,Direct Store,Device Subsidy,Yes,Yes,Family,1
CUST_0102,A3106,iPhone 15 Pro,Apple,2023-09-21,2024-04-08,24,1550000,5G,iOS 17,1024,87.2,6.1,8,A17 Pro,48,No,Face ID,0,37.77,02:00,24,5,2.83,Video,2,8,43,Online Shop,Selective Contract,No,No,Single,3
CUST_0103,G82U8,Pixel 8,Google,2025-06-11,2025-11-11,5,850000,5G,Android 14,128,98.9,6.7,16,A17 Pro,48,Yes,Both,672916,7.15,07:00,76,1,11.04,Video,3,8,25,Direct Store,Device Subsidy,Yes,No,Family,0
CUST_0104,A3106,iPhone 15 Pro,Apple,2022-07-02,2023-02-06,38,1550000,5G,iOS 17,1024,75.0,6.8,6,A17 Pro,48,Yes,Face ID,0,24.55,10:00,35,3,2.28,Finance,3,9,48,Agency,Selective Contract,No,No,Internet+TV,0
CUST_0105,23127PN0CG,Xiaomi 14,Xiaomi,2023-04-03,2024-02-13,26,900000,5G,Android 14,256,86.3,6.8,8,A17 Pro,50,No,Fingerprint,250000,92.27,07:00,49,0,3.66,Finance,1,9,30,Direct Store,Device Subsidy,No,No,Single,3
CUST_0106,A2894,iPhone 14,Apple,2024-11-19,2025-07-27,9,1000000,5G,iOS 17,512,92.4,6.8,6,A17 Pro,108,Yes,Face ID,750000,84.99,04:00,34,3,19.28,Shopping,3,7,39,Direct Store,Selective Contract,No,No,Single,0
CUST_0107,SM-S921,Galaxy S24,Samsung,2024-03-07,2024-03-23,25,1150000,5G,Android 14,512,83.3,6.7,16,Snapdragon Gen 3,200,Yes,Both,351388,20.98,03:00,44,4,16.47,Video,0,8,35,Online Shop,Selective Contract,Yes,Yes,Family,0
CUST_0108,G82U8,Pixel 8,Google,2023-11-13,2023-12-27,28,850000,5G,Android 14,1024,85.4,6.1,8,A17 Pro,108,No,Fingerprint,0,78.69,19:00,27,1,16.27,Game,2,9,26,Agency,Device Subsidy,No,No,Family,4
CUST_0109,23127PN0CG,Xiaomi 14,Xiaomi,2025-01-22,2025-08-20,8,900000,5G,Android 14,128,98.2,6.1,8,A17 Pro,50,No,Fingerprint,600000,71.64,21:00,60,3,2.84,Finance,2,7,30,Direct Store,Device Subsidy,Yes,No,Internet+TV,2
CUST_0110,23127PN0CG,Xiaomi 14,Xiaomi,2023-01-31,2023-07-17,33,900000,5G,Android 14,128,82.4,6.7,16,A17 Pro,108,Yes,Both,0,74.44,12:00,37,3,16.5,Business,2,6,44,Direct Store,Selective Contract,Yes,No,Family,0
CUST_0111,SM-S921,Galaxy S24,Samsung,2023-03-30,2023-04-07,36,1150000,5G,Android 14,128,81.0,6.1,12,Snapdragon Gen 3,50,Yes,Both,0,46.92,09:00,30,2,1.87,Video,2,2,29,Agency,Device Subsidy,Yes,No,Internet+TV,2
CUST_0112,A3106,iPhone 15 Pro,Apple,2025-04-23,2026-04-18,0,1550000,5G,iOS 17,128,97.0,6.8,6,A17 Pro,200,Yes,Fingerprint,1550000,12.4,22:00,53,0,19.76,Business,1,8,20,Online Shop,Selective Contract,Yes,Yes,Single,2
CUST_0113,23127PN0CG,Xiaomi 14,Xiaomi,2025-01-19,2025-08-02,8,900000,5G,Android 14,256,96.0,6.8,8,A17 Pro,50,No,Face ID,600000,11.5,23:00,37,5,14.97,Business,3,4,20,Online Shop,Device Subsidy,Yes,No,Family,3
CUST_0114,23127PN0CG,Xiaomi 14,Xiaomi,2024-06-06,2024-10-25,18,900000,5G,Android 14,128,87.7,6.8,8,A17 Pro,108,Yes,Both,450000,79.0,19:00,75,1,14.96,Video,0,4,33,Direct Store,Device Subsidy,Yes,No,Internet+TV,4
CUST_0115,SM-A546,Galaxy A54,Samsung,2025-10-02,2026-04-04,0,590000,5G,Android 14,512,97.8,6.8,8,Snapdragon Gen 3,200,Yes,Fingerprint,590000,39.71,18:00,18,0,5.24,Game,0,7,34,Direct Store,Selective Contract,No,No,Single,4
CUST_0116,A3106,iPhone 15 Pro,Apple,2025-05-08,2025-10-13,6,1550000,5G,iOS 17,128,96.5,6.1,8,A17 Pro,200,Yes,Face ID,1162500,97.56,22:00,65,5,19.07,SNS,0,4,20,Direct Store,Device Subsidy,No,Yes,Family,1
CUST_0117,SM-S921,Galaxy S24,Samsung,2025-01-18,2026-01-12,3,1150000,5G,Android 14,128,96.2,6.8,12,Snapdragon Gen 3,50,No,Fingerprint,1054166,54.69,23:00,44,5,17.73,Game,2,7,26,Agency,Device Subsidy,No,Yes,Family,3
CUST_0118,23127PN0CG,Xiaomi 14,Xiaomi,2023-01-07,2023-10-24,30,900000,5G,Android 14,256,81.2,6.8,16,A17 Pro,48,Yes,Both,149999,78.47,16:00,10,0,17.17,Game,1,1,33,Direct Store,Selective Contract,Yes,Yes,Single,4
CUST_0119,G82U8,Pixel 8,Google,2024-01-06,2024-05-12,23,850000,5G,Android 14,1024,88.7,6.1,16,A17 Pro,108,Yes,Both,306944,30.77,21:00,16,1,4.46,Shopping,0,7,20,Direct Store,Selective Contract,No,No,Single,4
CUST_0120,G82U8,Pixel 8,Google,2023-10-02,2024-01-12,27,850000,5G,Android 14,512,84.2,6.1,12,A17 Pro,108,No,Fingerprint,212500,75.26,23:00,79,1,3.01,Business,0,4,35,Direct Store,Device Subsidy,No,Yes,Internet+TV,3
CUST_0121,23127PN0CG,Xiaomi 14,Xiaomi,2024-09-01,2025-05-30,11,900000,5G,Android 14,256,92.9,6.1,16,A17 Pro,108,Yes,Fingerprint,487500,97.39,07:00,76,3,14.02,Video,3,2,36,Online Shop,Device Subsidy,No,Yes,Internet+TV,4
CUST_0122,SM-S928,Galaxy S24 Ultra,Samsung,2025-02-01,2025-06-02,10,1690000,5G,Android 14,512,92.6,6.7,16,Snapdragon Gen 3,108,No,Face ID,1220555,92.97,08:00,39,0,18.87,SNS,0,3,21,Online Shop,Selective Contract,No,No,Family,0
CUST_0123,23127PN0CG,Xiaomi 14,Xiaomi,2023-04-15,2023-09-19,31,900000,5G,Android 14,1024,80.0,6.8,12,A17 Pro,48,Yes,Face ID,0,13.59,04:00,21,5,4.96,Video,3,9,19,Agency,Selective Contract,No,Yes,Single,3
CUST_0124,G82U8,Pixel 8,Google,2025-04-16,2025-12-08,4,850000,5G,Android 14,128,99.4,6.1,8,A17 Pro,50,Yes,Face ID,708333,16.54,11:00,90,5,1.68,Shopping,2,2,18,Online Shop,Device Subsidy,No,Yes,Single,2
CUST_0125,SM-S921,Galaxy S24,Samsung,2023-03-27,2023-04-21,36,1150000,5G,Android 14,256,80.9,6.7,12,Snapdragon Gen 3,48,No,Both,0,83.06,13:00,32,2,4.29,SNS,2,5,32,Online Shop,Device Subsidy,Yes,No,Family,3
CUST_0126,G82U8,Pixel 8,Google,2025-04-30,2025-09-20,7,850000,5G,Android 14,1024,93.6,6.8,8,A17 Pro,48,No,Both,602083,66.05,11:00,71,4,15.63,Video,2,7,26,Online Shop,Device Subsidy,No,Yes,Single,2
CUST_0127,SM-S928,Galaxy S24 Ultra,Samsung,2022-11-07,2023-05-09,35,1690000,5G,Android 14,256,81.8,6.1,12,Snapdragon Gen 3,48,Yes,Both,0,28.55,12:00,55,1,3.52,Shopping,2,6,47,Agency,Device Subsidy,No,Yes,Internet+TV,1
CUST_0128,G82U8,Pixel 8,Google,2024-11-01,2025-07-10,9,850000,5G,Android 14,128,92.1,6.1,16,A17 Pro,200,Yes,Face ID,531250,62.16,19:00,35,1,6.82,SNS,2,1,18,Online Shop,Device Subsidy,Yes,No,Single,2
CUST_0129,G82U8,Pixel 8,Google,2023-12-07,2024-05-09,23,850000,5G,Android 14,512,84.0,6.7,16,A17 Pro,200,No,Fingerprint,35416,74.57,22:00,81,5,17.79,Shopping,2,4,39,Agency,Device Subsidy,No,No,Internet+TV,2
CUST_0130,A3102,iPhone 15,Apple,2025-10-23,2026-04-05,0,1250000,5G,iOS 17,1024,102.1,6.7,6,A17 Pro,48,No,Fingerprint,1250000,22.3,10:00,19,1,6.94,Video,1,2,44,Agency,Selective Contract,No,Yes,Family,1
CUST_0131,A2894,iPhone 14,Apple,2025-06-10,2025-12-06,4,1000000,5G,iOS 17,512,99.3,6.7,8,A17 Pro,50,No,Face ID,833333,9.57,12:00,54,4,7.51,Business,1,3,32,Online Shop,Device Subsidy,No,Yes,Family,2
CUST_0132,SM-S921,Galaxy S24,Samsung,2023-11-26,2024-02-21,26,1150000,5G,Android 14,1024,82.4,6.1,12,Snapdragon Gen 3,200,Yes,Face ID,0,56.97,20:00,31,4,17.8,SNS,0,2,28,Online Shop,Device Subsidy,No,No,Internet+TV,2
CUST_0133,23127PN0CG,Xiaomi 14,Xiaomi,2025-04-13,2025-05-08,11,900000,5G,Android 14,1024,93.8,6.7,8,A17 Pro,200,Yes,Face ID,625000,19.59,21:00,90,4,9.61,Game,0,4,23,Agency,Selective Contract,Yes,No,Single,2
CUST_0134,G82U8,Pixel 8,Google,2023-01-29,2024-01-02,27,850000,5G,Android 14,512,81.3,6.7,12,A17 Pro,50,No,Fingerprint,212500,22.56,08:00,66,3,5.27,Video,0,3,42,Agency,Device Subsidy,Yes,No,Internet+TV,3
CUST_0135,A2894,iPhone 14,Apple,2025-06-24,2026-01-08,3,1000000,5G,iOS 17,1024,101.0,6.1,8,A17 Pro,108,Yes,Face ID,916666,59.41,22:00,14,4,11.42,Shopping,1,2,48,Direct Store,Device Subsidy,Yes,Yes,Single,1
CUST_0136,SM-S928,Galaxy S24 Ultra,Samsung,2025-05-19,2026-04-10,0,1690000,5G,Android 14,256,103.0,6.7,12,Snapdragon Gen 3,48,Yes,Face ID,1690000,84.24,17:00,60,4,6.52,Video,3,1,43,Agency,Selective Contract,Yes,No,Single,1
CUST_0137,SM-S921,Galaxy S24,Samsung,2022-08-31,2022-10-21,42,1150000,5G,Android 14,512,77.0,6.7,12,Snapdragon Gen 3,200,No,Fingerprint,0,88.4,05:00,45,3,2.88,Shopping,3,1,30,Direct Store,Device Subsidy,Yes,No,Family,2
CUST_0138,SM-S928,Galaxy S24 Ultra,Samsung,2024-02-14,2024-07-22,21,1690000,5G,Android 14,512,89.5,6.1,8,Snapdragon Gen 3,108,No,Face ID,211250,97.39,08:00,63,4,12.91,SNS,3,4,47,Direct Store,Selective Contract,No,Yes,Internet+TV,1
CUST_0139,SM-S928,Galaxy S24 Ultra,Samsung,2022-12-24,2023-07-18,33,1690000,5G,Android 14,256,81.9,6.1,8,Snapdragon Gen 3,50,Yes,Face ID,0,21.51,01:00,56,5,3.98,Video,3,9,30,Agency,Device Subsidy,Yes,Yes,Family,3
CUST_0140,G82U8,Pixel 8,Google,2023-02-28,2023-12-25,28,850000,5G,Android 14,512,82.3,6.8,8,A17 Pro,108,Yes,Face ID,188888,76.15,01:00,30,4,15.6,SNS,1,4,39,Online Shop,Selective Contract,No,Yes,Internet+TV,0
CUST_0141,G82U8,Pixel 8,Google,2024-11-06,2025-09-09,7,850000,5G,Android 14,128,94.1,6.8,16,A17 Pro,108,No,Face ID,684722,72.71,11:00,68,2,4.36,Video,3,10,21,Online Shop,Selective Contract,No,No,Internet+TV,0
CUST_0142,G82U8,Pixel 8,Google,2023-12-08,2024-04-27,24,850000,5G,Android 14,512,87.8,6.8,12,A17 Pro,50,Yes,Both,283333,67.33,07:00,17,4,8.08,Video,1,1,38,Direct Store,Selective Contract,No,No,Family,3
CUST_0143,SM-A546,Galaxy A54,Samsung,2022-08-12,2022-11-17,41,590000,5G,Android 14,512,76.8,6.8,12,Snapdragon Gen 3,108,No,Fingerprint,0,70.2,21:00,81,1,5.88,Business,1,5,41,Agency,Device Subsidy,No,Yes,Single,2
CUST_0144,A2894,iPhone 14,Apple,2024-02-06,2024-09-08,19,1000000,5G,iOS 17,512,87.8,6.1,8,A17 Pro,48,Yes,Face ID,472222,49.06,06:00,74,0,17.35,Business,2,7,19,Online Shop,Device Subsidy,Yes,No,Family,4
CUST_0145,G82U8,Pixel 8,Google,2024-01-18,2024-04-19,24,850000,5G,Android 14,128,85.5,6.1,8,A17 Pro,200,No,Fingerprint,0,34.77,05:00,83,1,9.79,Game,1,10,31,Agency,Selective Contract,No,No,Family,3
CUST_0146,SM-S921,Galaxy S24,Samsung,2022-10-29,2023-02-08,38,1150000,5G,Android 14,512,79.9,6.8,8,Snapdragon Gen 3,48,Yes,Both,0,76.9,23:00,41,1,13.87,Video,2,3,21,Direct Store,Selective Contract,Yes,Yes,Single,2
CUST_0147,23127PN0CG,Xiaomi 14,Xiaomi,2022-11-26,2023-09-27,31,900000,5G,Android 14,512,81.0,6.7,12,A17 Pro,50,Yes,Face ID,0,37.56,00:00,39,1,14.54,SNS,1,1,36,Agency,Device Subsidy,Yes,No,Internet+TV,0
CUST_0148,G82U8,Pixel 8,Google,2022-10-27,2023-09-11,31,850000,5G,Android 14,128,82.0,6.8,8,A17 Pro,48,Yes,Face ID,0,67.89,14:00,58,0,10.95,Business,1,4,40,Agency,Device Subsidy,No,No,Internet+TV,0
CUST_0149,23127PN0CG,Xiaomi 14,Xiaomi,2023-06-22,2023-08-14,32,900000,5G,Android 14,128,79.5,6.8,8,A17 Pro,108,Yes,Face ID,0,52.29,22:00,62,2,3.21,Shopping,3,4,40,Direct Store,Selective Contract,Yes,Yes,Single,0
CUST_0150,SM-A546,Galaxy A54,Samsung,2023-01-19,2023-04-05,36,590000,5G,Android 14,128,80.1,6.1,12,Snapdragon Gen 3,50,No,Face ID,0,73.74,08:00,69,0,2.0,SNS,0,5,29,Agency,Selective Contract,No,Yes,Single,0
CUST_0151,SM-S921,Galaxy S24,Samsung,2024-11-11,2025-04-28,12,1150000,5G,Android 14,512,95.2,6.1,12,Snapdragon Gen 3,108,Yes,Fingerprint,766666,88.46,12:00,61,3,5.44,Business,3,7,38,Online Shop,Device Subsidy,Yes,Yes,Single,0
CUST_0152,G82U8,Pixel 8,Google,2022-08-18,2023-07-31,33,850000,5G,Android 14,1024,78.3,6.8,8,A17 Pro,50,No,Face ID,70833,79.02,03:00,62,3,0.92,Video,2,1,40,Agency,Device Subsidy,No,Yes,Family,1
CUST_0153,G82U8,Pixel 8,Google,2023-08-30,2023-11-14,29,850000,5G,Android 14,128,79.7,6.7,12,A17 Pro,50,Yes,Face ID,0,53.03,10:00,40,2,19.4,Game,1,9,38,Direct Store,Selective Contract,Yes,Yes,Family,3
CUST_0154,G82U8,Pixel 8,Google,2023-01-10,2023-08-26,32,850000,5G,Android 14,512,78.5,6.1,8,A17 Pro,200,No,Fingerprint,94444,75.8,17:00,80,0,16.52,Shopping,2,9,35,Online Shop,Selective Contract,No,No,Single,1
CUST_0155,G82U8,Pixel 8,Google,2022-09-05,2023-07-19,33,850000,5G,Android 14,1024,81.5,6.1,8,A17 Pro,50,Yes,Face ID,70833,73.01,11:00,47,4,10.44,Finance,0,1,46,Online Shop,Selective Contract,Yes,No,Single,2
CUST_0156,A3102,iPhone 15,Apple,2025-02-21,2025-09-10,7,1250000,5G,iOS 17,256,95.5,6.1,8,A17 Pro,48,Yes,Face ID,885416,73.09,14:00,85,4,2.69,Business,0,9,41,Online Shop,Selective Contract,No,Yes,Internet+TV,4
CUST_0157,A2894,iPhone 14,Apple,2025-02-06,2025-03-31,13,1000000,5G,iOS 17,1024,93.1,6.7,8,A17 Pro,50,No,Face ID,638888,52.89,10:00,47,3,16.1,SNS,3,10,40,Agency,Selective Contract,No,Yes,Single,1
CUST_0158,23127PN0CG,Xiaomi 14,Xiaomi,2025-01-28,2026-01-26,3,900000,5G,Android 14,256,98.2,6.7,16,A17 Pro,200,No,Both,825000,72.48,23:00,78,2,17.55,Business,0,9,21,Online Shop,Selective Contract,Yes,Yes,Internet+TV,0
CUST_0159,A3106,iPhone 15 Pro,Apple,2024-12-01,2025-04-26,12,1550000,5G,iOS 17,512,90.7,6.7,6,A17 Pro,48,No,Face ID,775000,70.61,03:00,88,5,14.79,SNS,3,4,34,Agency,Selective Contract,Yes,No,Family,3
CUST_0160,23127PN0CG,Xiaomi 14,Xiaomi,2025-09-30,2026-02-05,2,900000,5G,Android 14,256,99.5,6.8,16,A17 Pro,108,Yes,Both,850000,83.85,06:00,47,3,3.55,Finance,0,3,48,Online Shop,Device Subsidy,No,Yes,Family,2
CUST_0161,23127PN0CG,Xiaomi 14,Xiaomi,2024-12-01,2025-09-26,7,900000,5G,Android 14,512,92.8,6.1,8,A17 Pro,50,No,Both,725000,72.42,01:00,90,4,16.86,Video,3,10,35,Direct Store,Device Subsidy,No,Yes,Single,4
CUST_0162,SM-A546,Galaxy A54,Samsung,2024-12-04,2025-07-04,9,590000,5G,Android 14,1024,92.2,6.8,12,Snapdragon Gen 3,108,No,Face ID,368750,88.92,06:00,89,4,9.5,Shopping,0,2,39,Direct Store,Selective Contract,Yes,Yes,Single,2
CUST_0163,G82U8,Pixel 8,Google,2023-08-28,2024-01-06,27,850000,5G,Android 14,512,80.9,6.8,12,A17 Pro,200,Yes,Face ID,212500,53.86,20:00,34,2,10.28,Game,1,9,35,Online Shop,Device Subsidy,Yes,Yes,Internet+TV,3
CUST_0164,SM-S921,Galaxy S24,Samsung,2022-10-21,2023-10-15,30,1150000,5G,Android 14,1024,82.9,6.1,8,Snapdragon Gen 3,200,No,Fingerprint,0,75.95,02:00,19,0,3.56,Video,0,10,44,Online Shop,Selective Contract,No,No,Family,3
CUST_0165,G82U8,Pixel 8,Google,2025-09-22,2026-04-09,0,850000,5G,Android 14,128,100.2,6.8,8,A17 Pro,48,No,Both,850000,76.82,03:00,47,5,6.03,Game,2,8,30,Direct Store,Device Subsidy,No,Yes,Internet+TV,1
CUST_0166,A2894,iPhone 14,Apple,2023-08-18,2024-05-23,23,1000000,5G,iOS 17,512,89.0,6.8,8,A17 Pro,48,Yes,Fingerprint,41666,33.32,01:00,10,4,11.93,Shopping,0,5,24,Agency,Selective Contract,Yes,No,Internet+TV,4
CUST_0167,A3102,iPhone 15,Apple,2024-10-15,2025-02-05,14,1250000,5G,iOS 17,512,89.8,6.8,6,A17 Pro,200,Yes,Face ID,520833,68.74,21:00,18,2,1.96,Finance,3,6,29,Online Shop,Device Subsidy,Yes,No,Internet+TV,0
CUST_0168,A3106,iPhone 15 Pro,Apple,2023-02-04,2023-09-22,31,1550000,5G,iOS 17,512,82.1,6.1,8,A17 Pro,108,No,Fingerprint,215277,70.88,00:00,50,1,15.71,Finance,3,5,44,Direct Store,Device Subsidy,No,No,Family,3
CUST_0169,23127PN0CG,Xiaomi 14,Xiaomi,2023-02-02,2023-11-11,29,900000,5G,Android 14,128,80.7,6.1,16,A17 Pro,50,No,Both,0,84.97,20:00,19,5,1.51,Game,0,10,36,Direct Store,Device Subsidy,Yes,No,Internet+TV,4
CUST_0170,G82U8,Pixel 8,Google,2023-10-08,2024-04-25,24,850000,5G,Android 14,256,87.9,6.8,16,A17 Pro,48,No,Face ID,283333,17.72,16:00,11,5,4.78,Shopping,1,9,22,Direct Store,Device Subsidy,Yes,Yes,Internet+TV,3
CUST_0171,23127PN0CG,Xiaomi 14,Xiaomi,2024-08-04,2025-04-10,12,900000,5G,Android 14,256,90.2,6.8,8,A17 Pro,108,No,Face ID,600000,27.23,14:00,15,0,19.61,Video,0,9,38,Direct Store,Selective Contract,Yes,No,Internet+TV,3
CUST_0172,23127PN0CG,Xiaomi 14,Xiaomi,2022-12-03,2023-04-10,36,900000,5G,Android 14,1024,81.2,6.7,12,A17 Pro,200,No,Both,0,54.06,00:00,74,1,8.8,SNS,0,9,38,Direct Store,Device Subsidy,Yes,Yes,Single,2
CUST_0173,SM-A546,Galaxy A54,Samsung,2024-07-12,2025-02-09,14,590000,5G,Android 14,512,92.9,6.7,8,Snapdragon Gen 3,50,No,Fingerprint,360555,69.15,07:00,15,1,11.47,SNS,1,9,19,Agency,Device Subsidy,Yes,Yes,Family,1
CUST_0174,G82U8,Pixel 8,Google,2024-03-25,2024-05-07,23,850000,5G,Android 14,256,85.9,6.1,8,A17 Pro,200,Yes,Both,306944,87.39,05:00,89,5,10.22,SNS,2,8,37,Agency,Device Subsidy,Yes,No,Family,1
CUST_0175,SM-S921,Galaxy S24,Samsung,2024-09-07,2025-06-01,10,1150000,5G,Android 14,1024,96.0,6.8,16,Snapdragon Gen 3,48,Yes,Fingerprint,670833,21.86,15:00,26,4,10.79,Game,3,9,31,Direct Store,Device Subsidy,No,Yes,Family,3
CUST_0176,23127PN0CG,Xiaomi 14,Xiaomi,2023-06-08,2023-08-15,32,900000,5G,Android 14,512,80.7,6.1,12,A17 Pro,200,No,Fingerprint,0,91.46,00:00,10,4,10.45,Shopping,0,7,38,Online Shop,Selective Contract,No,No,Single,1
CUST_0177,G82U8,Pixel 8,Google,2024-05-09,2025-02-07,14,850000,5G,Android 14,1024,92.0,6.7,8,A17 Pro,200,No,Fingerprint,519444,99.22,11:00,81,4,9.68,Video,2,7,41,Online Shop,Device Subsidy,Yes,No,Internet+TV,1
CUST_0178,SM-S921,Galaxy S24,Samsung,2022-12-20,2023-07-13,33,1150000,5G,Android 14,512,82.0,6.8,8,Snapdragon Gen 3,48,Yes,Face ID,0,20.27,19:00,65,0,1.28,SNS,2,2,37,Online Shop,Selective Contract,No,No,Internet+TV,4
CUST_0179,SM-S921,Galaxy S24,Samsung,2023-01-18,2023-08-30,32,1150000,5G,Android 14,128,79.0,6.8,16,Snapdragon Gen 3,50,Yes,Both,127777,23.5,01:00,56,1,13.1,SNS,0,5,42,Direct Store,Selective Contract,No,No,Internet+TV,1
CUST_0180,SM-A546,Galaxy A54,Samsung,2025-06-08,2025-07-24,9,590000,5G,Android 14,512,96.0,6.7,8,Snapdragon Gen 3,50,No,Face ID,442500,38.01,18:00,10,2,3.5,Shopping,0,9,20,Agency,Selective Contract,No,Yes,Internet+TV,2
CUST_0181,23127PN0CG,Xiaomi 14,Xiaomi,2023-09-15,2024-06-29,22,900000,5G,Android 14,1024,88.4,6.7,16,A17 Pro,200,Yes,Face ID,349999,96.32,03:00,43,0,7.65,SNS,1,6,31,Direct Store,Device Subsidy,No,Yes,Family,0
CUST_0182,G82U8,Pixel 8,Google,2025-05-24,2026-03-03,1,850000,5G,Android 14,256,99.3,6.8,12,A17 Pro,50,Yes,Face ID,826388,25.76,23:00,35,1,14.71,Video,1,4,24,Online Shop,Selective Contract,Yes,Yes,Single,0
CUST_0183,G82U8,Pixel 8,Google,2022-10-14,2022-11-04,41,850000,5G,Android 14,1024,75.0,6.8,12,A17 Pro,200,Yes,Both,0,51.77,08:00,60,1,15.0,SNS,0,9,43,Direct Store,Selective Contract,Yes,No,Family,1
CUST_0184,G82U8,Pixel 8,Google,2022-11-30,2023-07-23,33,850000,5G,Android 14,512,81.3,6.7,16,A17 Pro,48,No,Face ID,0,69.04,19:00,43,1,10.97,SNS,2,8,48,Agency,Selective Contract,No,Yes,Family,3
CUST_0185,A3106,iPhone 15 Pro,Apple,2023-09-25,2024-03-29,25,1550000,5G,iOS 17,1024,83.7,6.8,6,A17 Pro,48,No,Fingerprint,0,59.28,17:00,65,3,3.92,Finance,1,8,43,Online Shop,Device Subsidy,No,No,Single,4
CUST_0186,23127PN0CG,Xiaomi 14,Xiaomi,2024-02-20,2024-06-27,22,900000,5G,Android 14,128,86.2,6.7,12,A17 Pro,48,No,Both,75000,10.7,10:00,43,2,7.21,Shopping,2,6,18,Direct Store,Device Subsidy,No,Yes,Internet+TV,4
CUST_0187,A3106,iPhone 15 Pro,Apple,2023-10-30,2024-04-13,24,1550000,5G,iOS 17,1024,87.2,6.7,8,A17 Pro,200,Yes,Fingerprint,516666,89.52,20:00,53,3,12.63,Shopping,3,2,20,Online Shop,Selective Contract,Yes,No,Family,2
CUST_0188,23127PN0CG,Xiaomi 14,Xiaomi,2024-04-19,2024-12-02,16,900000,5G,Android 14,512,91.9,6.1,8,A17 Pro,50,Yes,Both,500000,44.33,08:00,20,1,3.34,Game,0,2,47,Direct Store,Device Subsidy,Yes,No,Internet+TV,0
CUST_0189,SM-S928,Galaxy S24 Ultra,Samsung,2022-05-10,2022-07-28,45,1690000,5G,Android 14,128,75.0,6.1,16,Snapdragon Gen 3,108,No,Both,0,34.39,04:00,26,4,16.77,Game,0,6,45,Direct Store,Selective Contract,No,No,Internet+TV,3
CUST_0190,A2894,iPhone 14,Apple,2022-10-18,2023-01-16,39,1000000,5G,iOS 17,1024,77.4,6.8,8,A17 Pro,108,No,Both,0,54.73,07:00,21,3,6.16,Business,2,3,27,Online Shop,Device Subsidy,Yes,No,Family,3
CUST_0191,SM-A546,Galaxy A54,Samsung,2023-01-23,2023-09-24,31,590000,5G,Android 14,512,78.5,6.8,8,Snapdragon Gen 3,48,No,Fingerprint,81944,80.81,13:00,81,3,7.9,SNS,3,7,25,Direct Store,Device Subsidy,No,Yes,Internet+TV,4
CUST_0192,23127PN0CG,Xiaomi 14,Xiaomi,2022-11-02,2023-03-19,37,900000,5G,Android 14,1024,75.9,6.7,8,A17 Pro,200,No,Face ID,0,22.33,22:00,89,3,3.76,Game,1,1,35,Online Shop,Device Subsidy,Yes,No,Family,1
CUST_0193,G82U8,Pixel 8,Google,2024-07-07,2024-08-22,20,850000,5G,Android 14,256,85.1,6.7,12,A17 Pro,108,No,Both,141666,37.48,01:00,52,0,16.87,SNS,0,5,42,Direct Store,Device Subsidy,No,Yes,Single,2
CUST_0194,G82U8,Pixel 8,Google,2025-02-19,2026-02-19,2,850000,5G,Android 14,256,98.1,6.1,8,A17 Pro,200,Yes,Both,802777,28.48,21:00,36,3,7.78,Video,2,3,38,Agency,Device Subsidy,Yes,No,Family,2
CUST_0195,A3106,iPhone 15 Pro,Apple,2025-07-12,2026-04-17,0,1550000,5G,iOS 17,128,98.4,6.1,8,A17 Pro,48,No,Fingerprint,1550000,35.83,00:00,15,4,15.67,Business,1,6,42,Online Shop,Device Subsidy,Yes,No,Single,4
CUST_0196,23127PN0CG,Xiaomi 14,Xiaomi,2025-06-26,2025-12-25,4,900000,5G,Android 14,256,98.8,6.1,12,A17 Pro,108,No,Both,750000,16.95,06:00,12,5,7.56,Finance,1,5,46,Online Shop,Selective Contract,No,No,Internet+TV,3
CUST_0197,A2894,iPhone 14,Apple,2024-10-09,2025-07-14,9,1000000,5G,iOS 17,512,93.5,6.8,6,A17 Pro,48,Yes,Face ID,750000,31.16,09:00,43,4,7.34,Game,3,3,46,Online Shop,Selective Contract,Yes,No,Internet+TV,0
CUST_0198,G82U8,Pixel 8,Google,2022-11-18,2023-11-02,29,850000,5G,Android 14,1024,84.2,6.7,12,A17 Pro,108,Yes,Fingerprint,0,63.24,16:00,18,0,16.7,SNS,1,1,24,Online Shop,Selective Contract,Yes,Yes,Single,4
CUST_0199,G82U8,Pixel 8,Google,2022-11-15,2023-09-30,31,850000,5G,Android 14,512,78.7,6.1,8,A17 Pro,50,No,Fingerprint,0,62.57,14:00,17,2,11.16,Business,2,1,44,Agency,Selective Contract,Yes,Yes,Family,0
CUST_0200,A2894,iPhone 14,Apple,2025-04-11,2025-06-01,10,1000000,5G,iOS 17,256,94.2,6.8,6,A17 Pro,50,No,Both,583333,23.35,03:00,83,2,13.49,Finance,3,2,23,Online Shop,Selective Contract,No,Yes,Internet+TV,4
CUST_0201,G82U8,Pixel 8,Google,2024-01-20,2024-10-27,18,850000,5G,Android 14,512,91.3,6.7,16,A17 Pro,108,Yes,Both,425000,77.6,17:00,37,3,15.31,Finance,2,6,48,Direct Store,Selective Contract,No,Yes,Internet+TV,0
CUST_0202,23127PN0CG,Xiaomi 14,Xiaomi,2022-12-01,2023-02-08,38,900000,5G,Android 14,512,75.0,6.7,8,A17 Pro,108,Yes,Fingerprint,0,25.41,01:00,68,2,3.12,Video,2,10,25,Online Shop,Selective Contract,No,Yes,Internet+TV,3
CUST_0203,A2894,iPhone 14,Apple,2025-05-21,2025-11-03,5,1000000,5G,iOS 17,1024,95.0,6.7,6,A17 Pro,200,Yes,Fingerprint,791666,61.55,10:00,54,3,8.33,Game,1,10,47,Online Shop,Selective Contract,Yes,No,Internet+TV,0
CUST_0204,23127PN0CG,Xiaomi 14,Xiaomi,2023-12-27,2024-09-09,19,900000,5G,Android 14,256,86.5,6.8,16,A17 Pro,48,Yes,Face ID,425000,97.25,09:00,60,1,2.64,Game,3,10,41,Online Shop,Selective Contract,No,Yes,Family,4
CUST_0205,G82U8,Pixel 8,Google,2025-01-23,2025-09-26,7,850000,5G,Android 14,256,95.7,6.8,16,A17 Pro,50,Yes,Fingerprint,602083,58.31,08:00,65,2,13.69,Shopping,0,2,39,Direct Store,Selective Contract,No,No,Single,2
CUST_0206,23127PN0CG,Xiaomi 14,Xiaomi,2024-02-10,2024-05-06,23,900000,5G,Android 14,512,86.9,6.7,8,A17 Pro,50,Yes,Both,325000,64.2,11:00,29,5,17.06,Game,0,4,48,Agency,Device Subsidy,No,Yes,Family,0
CUST_0207,23127PN0CG,Xiaomi 14,Xiaomi,2023-03-07,2023-03-18,37,900000,5G,Android 14,512,76.1,6.8,12,A17 Pro,200,Yes,Both,0,24.36,22:00,12,3,11.66,Finance,0,5,23,Online Shop,Selective Contract,Yes,No,Single,3
CUST_0208,SM-S921,Galaxy S24,Samsung,2023-08-23,2024-07-26,21,1150000,5G,Android 14,512,88.4,6.1,12,Snapdragon Gen 3,200,Yes,Face ID,479166,87.11,16:00,22,2,9.69,Shopping,0,3,24,Agency,Selective Contract,Yes,Yes,Single,4
CUST_0209,23127PN0CG,Xiaomi 14,Xiaomi,2023-01-27,2023-08-16,32,900000,5G,Android 14,256,77.9,6.7,8,A17 Pro,108,Yes,Both,100000,38.76,08:00,59,0,18.88,Video,1,3,28,Direct Store,Device Subsidy,Yes,No,Internet+TV,4
CUST_0210,A3106,iPhone 15 Pro,Apple,2024-06-21,2025-04-10,12,1550000,5G,iOS 17,256,92.4,6.7,8,A17 Pro,50,Yes,Both,1033333,91.42,04:00,84,4,13.68,SNS,1,5,40,Agency,Device Subsidy,No,Yes,Internet+TV,4
CUST_0211,A3106,iPhone 15 Pro,Apple,2025-06-10,2026-03-22,1,1550000,5G,iOS 17,128,97.5,6.7,8,A17 Pro,200,No,Face ID,1485416,74.07,23:00,45,1,15.58,Game,1,3,18,Agency,Selective Contract,Yes,Yes,Single,0
CUST_0212,23127PN0CG,Xiaomi 14,Xiaomi,2023-02-23,2023-05-02,35,900000,5G,Android 14,1024,80.3,6.7,12,A17 Pro,200,Yes,Fingerprint,25000,22.48,06:00,38,0,8.17,Game,2,7,25,Agency,Device Subsidy,Yes,Yes,Single,3
CUST_0213,G82U8,Pixel 8,Google,2023-04-03,2023-08-07,32,850000,5G,Android 14,1024,80.2,6.7,16,A17 Pro,108,No,Both,0,62.75,23:00,83,4,10.72,Finance,0,9,21,Direct Store,Selective Contract,Yes,Yes,Internet+TV,4
CUST_0214,G82U8,Pixel 8,Google,2022-09-10,2023-03-27,37,850000,5G,Android 14,128,75.9,6.7,12,A17 Pro,200,Yes,Face ID,0,42.81,09:00,88,0,13.8,SNS,3,8,20,Agency,Device Subsidy,Yes,Yes,Family,3
CUST_0215,23127PN0CG,Xiaomi 14,Xiaomi,2025-09-05,2025-12-05,4,900000,5G,Android 14,1024,98.1,6.1,12,A17 Pro,108,Yes,Both,750000,88.84,23:00,25,0,2.28,Business,2,2,34,Agency,Selective Contract,Yes,No,Internet+TV,3
CUST_0216,SM-S921,Galaxy S24,Samsung,2023-12-10,2024-09-24,19,1150000,5G,Android 14,256,86.6,6.8,8,Snapdragon Gen 3,200,No,Face ID,239583,21.99,23:00,67,2,12.53,Game,1,4,18,Agency,Selective Contract,Yes,No,Family,3
CUST_0217,SM-A546,Galaxy A54,Samsung,2023-01-20,2023-05-21,35,590000,5G,Android 14,256,79.5,6.7,8,Snapdragon Gen 3,48,Yes,Both,16388,48.11,08:00,89,5,11.15,SNS,0,3,22,Online Shop,Selective Contract,Yes,Yes,Single,4
CUST_0218,23127PN0CG,Xiaomi 14,Xiaomi,2025-04-30,2025-05-25,11,900000,5G,Android 14,128,92.9,6.7,16,A17 Pro,50,No,Both,487500,20.33,18:00,56,0,1.86,Video,2,6,46,Direct Store,Device Subsidy,No,Yes,Family,3
CUST_0219,A3102,iPhone 15,Apple,2024-04-12,2024-09-27,19,1250000,5G,iOS 17,1024,88.7,6.1,6,A17 Pro,200,No,Face ID,260416,63.15,19:00,50,2,10.51,Shopping,2,3,37,Agency,Selective Contract,No,No,Single,4
CUST_0220,A2894,iPhone 14,Apple,2024-03-11,2024-06-18,22,1000000,5G,iOS 17,128,84.5,6.1,6,A17 Pro,200,No,Fingerprint,388888,64.42,10:00,54,4,16.12,SNS,0,4,40,Direct Store,Selective Contract,Yes,No,Family,4
CUST_0221,23127PN0CG,Xiaomi 14,Xiaomi,2025-03-07,2026-02-21,2,900000,5G,Android 14,512,97.8,6.1,12,A17 Pro,108,No,Face ID,825000,84.04,01:00,27,3,3.11,Business,2,8,43,Direct Store,Device Subsidy,No,No,Internet+TV,4
CUST_0222,SM-S921,Galaxy S24,Samsung,2022-08-01,2023-07-17,33,1150000,5G,Android 14,512,82.0,6.1,12,Snapdragon Gen 3,48,No,Face ID,95833,11.29,20:00,78,1,11.42,Business,1,10,21,Direct Store,Selective Contract,Yes,No,Family,0
CUST_0223,G82U8,Pixel 8,Google,2023-09-26,2024-05-14,23,850000,5G,Android 14,512,84.5,6.7,8,A17 Pro,50,Yes,Face ID,306944,21.63,16:00,13,3,18.1,SNS,1,6,47,Direct Store,Selective Contract,No,Yes,Single,4
CUST_0224,A3102,iPhone 15,Apple,2025-08-13,2026-04-05,0,1250000,5G,iOS 17,1024,101.3,6.1,6,A17 Pro,108,No,Fingerprint,1250000,5.39,03:00,76,5,14.91,Game,2,4,28,Online Shop,Device Subsidy,No,No,Internet+TV,2
CUST_0225,G82U8,Pixel 8,Google,2024-04-16,2024-07-01,21,850000,5G,Android 14,256,86.0,6.8,16,A17 Pro,48,Yes,Both,106250,96.04,11:00,80,2,5.42,Finance,2,10,25,Online Shop,Device Subsidy,No,No,Internet+TV,3
CUST_0226,SM-S921,Galaxy S24,Samsung,2025-08-28,2026-03-26,1,1150000,5G,Android 14,128,97.0,6.7,8,Snapdragon Gen 3,200,No,Face ID,1102083,13.18,10:00,35,5,15.17,Shopping,0,8,36,Online Shop,Device Subsidy,No,Yes,Family,2
CUST_0227,G82U8,Pixel 8,Google,2024-07-09,2024-10-31,18,850000,5G,Android 14,256,91.4,6.7,8,A17 Pro,108,No,Face ID,425000,91.72,15:00,13,0,9.51,Video,3,8,45,Online Shop,Selective Contract,No,Yes,Internet+TV,0
CUST_0228,G82U8,Pixel 8,Google,2023-12-29,2024-10-08,18,850000,5G,Android 14,128,91.0,6.7,8,A17 Pro,50,Yes,Face ID,425000,43.08,12:00,18,2,4.16,Finance,3,7,36,Direct Store,Device Subsidy,Yes,Yes,Internet+TV,4
CUST_0229,G82U8,Pixel 8,Google,2022-07-02,2023-05-03,35,850000,5G,Android 14,1024,78.0,6.1,12,A17 Pro,200,Yes,Both,0,83.09,03:00,86,3,6.55,Finance,0,2,24,Online Shop,Device Subsidy,Yes,Yes,Family,4
CUST_0230,23127PN0CG,Xiaomi 14,Xiaomi,2022-05-15,2023-03-06,37,900000,5G,Android 14,1024,76.0,6.8,12,A17 Pro,200,No,Fingerprint,0,33.47,18:00,11,4,19.73,Business,1,5,19,Direct Store,Device Subsidy,Yes,No,Single,2
CUST_0231,SM-S921,Galaxy S24,Samsung,2023-05-26,2024-05-19,23,1150000,5G,Android 14,1024,87.0,6.7,16,Snapdragon Gen 3,50,Yes,Face ID,415277,43.57,04:00,34,4,7.69,Video,3,3,27,Agency,Device Subsidy,Yes,Yes,Single,0
CUST_0232,A2894,iPhone 14,Apple,2023-02-03,2024-01-05,27,1000000,5G,iOS 17,1024,86.6,6.8,8,A17 Pro,200,No,Both,0,13.04,05:00,68,4,8.48,Business,3,6,25,Online Shop,Selective Contract,Yes,No,Internet+TV,1
CUST_0233,23127PN0CG,Xiaomi 14,Xiaomi,2022-10-04,2023-07-26,33,900000,5G,Android 14,512,77.4,6.8,12,A17 Pro,48,No,Both,0,58.97,02:00,28,5,14.63,Video,3,9,20,Agency,Device Subsidy,Yes,No,Internet+TV,0
CUST_0234,23127PN0CG,Xiaomi 14,Xiaomi,2023-11-23,2024-08-22,20,900000,5G,Android 14,128,87.8,6.7,12,A17 Pro,108,No,Face ID,400000,59.53,05:00,14,5,18.46,Finance,2,10,26,Online Shop,Selective Contract,Yes,Yes,Internet+TV,2
CUST_0235,SM-S928,Galaxy S24 Ultra,Samsung,2023-02-07,2023-03-21,37,1690000,5G,Android 14,256,77.8,6.8,12,Snapdragon Gen 3,108,No,Fingerprint,0,28.94,23:00,24,4,3.49,Shopping,1,8,29,Online Shop,Selective Contract,Yes,No,Single,4
CUST_0236,SM-S928,Galaxy S24 Ultra,Samsung,2025-05-07,2025-07-20,9,1690000,5G,Android 14,256,96.6,6.1,16,Snapdragon Gen 3,200,Yes,Fingerprint,1267500,78.18,18:00,54,0,12.85,Game,0,3,32,Direct Store,Selective Contract,No,No,Internet+TV,4
CUST_0237,A3106,iPhone 15 Pro,Apple,2023-08-20,2024-04-18,24,1550000,5G,iOS 17,512,83.5,6.7,8,A17 Pro,108,Yes,Fingerprint,516666,6.13,17:00,55,3,12.21,Finance,2,6,26,Direct Store,Device Subsidy,No,No,Family,1
CUST_0238,A2894,iPhone 14,Apple,2023-12-05,2024-11-15,17,1000000,5G,iOS 17,256,88.7,6.1,6,A17 Pro,200,Yes,Both,291666,68.92,03:00,67,2,4.39,Video,2,4,19,Online Shop,Device Subsidy,Yes,Yes,Internet+TV,0
CUST_0239,SM-S921,Galaxy S24,Samsung,2022-06-06,2022-08-11,44,1150000,5G,Android 14,1024,75.0,6.8,8,Snapdragon Gen 3,108,No,Face ID,0,90.12,21:00,19,5,9.07,Video,3,6,26,Online Shop,Device Subsidy,No,Yes,Family,3
CUST_0240,23127PN0CG,Xiaomi 14,Xiaomi,2024-05-16,2024-09-28,19,900000,5G,Android 14,256,88.2,6.1,16,A17 Pro,200,Yes,Both,425000,98.05,15:00,23,1,10.81,Business,1,10,38,Online Shop,Selective Contract,No,Yes,Single,0
CUST_0241,SM-A546,Galaxy A54,Samsung,2024-05-31,2025-01-14,15,590000,5G,Android 14,128,93.4,6.1,8,Snapdragon Gen 3,200,No,Fingerprint,221250,67.02,22:00,52,3,11.49,Shopping,3,8,31,Direct Store,Device Subsidy,Yes,Yes,Family,3
CUST_0242,SM-A546,Galaxy A54,Samsung,2022-10-26,2023-04-27,36,590000,5G,Android 14,512,79.5,6.8,8,Snapdragon Gen 3,108,No,Fingerprint,0,10.24,14:00,47,5,4.06,Shopping,0,7,39,Online Shop,Selective Contract,No,Yes,Internet+TV,2
CUST_0243,G82U8,Pixel 8,Google,2023-05-14,2023-08-19,32,850000,5G,Android 14,256,78.0,6.8,8,A17 Pro,200,No,Fingerprint,0,73.38,17:00,49,3,10.68,Business,0,1,28,Online Shop,Selective Contract,Yes,No,Single,1
CUST_0244,G82U8,Pixel 8,Google,2022-07-28,2022-11-24,41,850000,5G,Android 14,128,75.0,6.1,12,A17 Pro,48,Yes,Both,0,51.44,20:00,26,0,3.44,Game,2,2,32,Agency,Device Subsidy,Yes,Yes,Single,3
CUST_0245,A3102,iPhone 15,Apple,2024-09-06,2025-04-12,12,1250000,5G,iOS 17,512,94.7,6.8,6,A17 Pro,108,Yes,Fingerprint,833333,35.8,18:00,32,2,1.26,Video,1,7,23,Agency,Selective Contract,Yes,No,Single,4
CUST_0246,SM-S921,Galaxy S24,Samsung,2025-04-05,2026-02-22,2,1150000,5G,Android 14,1024,100.5,6.1,8,Snapdragon Gen 3,48,Yes,Fingerprint,1054166,88.56,22:00,85,2,8.32,Business,1,4,22,Agency,Selective Contract,No,No,Single,1
CUST_0247,SM-A546,Galaxy A54,Samsung,2024-10-23,2025-07-05,9,590000,5G,Android 14,128,95.4,6.1,16,Snapdragon Gen 3,50,Yes,Fingerprint,442500,38.05,16:00,22,4,7.24,Shopping,1,8,42,Agency,Device Subsidy,No,Yes,Single,0
CUST_0248,A2894,iPhone 14,Apple,2023-02-28,2023-11-09,29,1000000,5G,iOS 17,256,80.6,6.7,8,A17 Pro,50,No,Face ID,0,10.13,10:00,88,3,0.87,Finance,0,9,23,Online Shop,Device Subsidy,No,Yes,Single,1
CUST_0249,G82U8,Pixel 8,Google,2023-06-21,2023-09-30,31,850000,5G,Android 14,512,79.8,6.1,8,A17 Pro,200,Yes,Face ID,0,35.98,07:00,19,3,11.7,Game,3,3,24,Agency,Selective Contract,Yes,No,Family,1
CUST_0250,G82U8,Pixel 8,Google,2023-10-23,2024-03-09,25,850000,5G,Android 14,256,84.0,6.1,12,A17 Pro,50,Yes,Face ID,0,70.76,14:00,63,1,15.21,SNS,2,10,23,Agency,Device Subsidy,Yes,Yes,Family,4
CUST_0251,G82U8,Pixel 8,Google,2022-07-03,2023-03-02,37,850000,5G,Android 14,1024,76.5,6.1,8,A17 Pro,108,No,Both,0,74.94,07:00,85,1,18.28,Game,3,1,19,Direct Store,Device Subsidy,No,No,Family,0
CUST_0252,G82U8,Pixel 8,Google,2024-06-21,2024-08-02,20,850000,5G,Android 14,128,89.2,6.1,12,A17 Pro,108,Yes,Both,377777,95.24,02:00,12,3,13.38,SNS,3,10,41,Agency,Device Subsidy,No,No,Single,3
CUST_0253,A3106,iPhone 15 Pro,Apple,2023-03-21,2024-03-15,25,1550000,5G,iOS 17,128,87.2,6.8,8,A17 Pro,48,No,Face ID,0,41.56,08:00,88,4,11.5,SNS,0,10,46,Direct Store,Device Subsidy,No,Yes,Single,3
CUST_0254,23127PN0CG,Xiaomi 14,Xiaomi,2022-05-08,2022-05-28,47,900000,5G,Android 14,512,75.0,6.1,8,A17 Pro,108,Yes,Both,0,58.27,03:00,71,5,18.78,Shopping,1,4,28,Direct Store,Selective Contract,No,No,Single,0
CUST_0255,23127PN0CG,Xiaomi 14,Xiaomi,2023-04-14,2023-12-18,28,900000,5G,Android 14,128,83.0,6.7,16,A17 Pro,48,Yes,Face ID,200000,47.94,02:00,20,3,17.96,Video,0,2,23,Direct Store,Device Subsidy,Yes,No,Single,1
CUST_0256,SM-S928,Galaxy S24 Ultra,Samsung,2023-06-26,2024-06-09,22,1690000,5G,Android 14,256,86.6,6.8,8,Snapdragon Gen 3,108,Yes,Fingerprint,657222,47.17,00:00,39,4,12.89,Business,2,6,33,Agency,Selective Contract,No,No,Internet+TV,1
CUST_0257,23127PN0CG,Xiaomi 14,Xiaomi,2024-05-12,2024-09-05,19,900000,5G,Android 14,1024,87.8,6.1,8,A17 Pro,108,No,Face ID,425000,78.13,05:00,89,1,14.24,Video,1,3,44,Agency,Device Subsidy,Yes,Yes,Single,0
CUST_0258,23127PN0CG,Xiaomi 14,Xiaomi,2023-05-08,2023-09-18,31,900000,5G,Android 14,512,79.5,6.7,8,A17 Pro,108,No,Both,0,68.23,05:00,78,2,2.43,Game,3,8,42,Online Shop,Selective Contract,No,Yes,Single,4
CUST_0259,23127PN0CG,Xiaomi 14,Xiaomi,2023-03-01,2023-07-27,33,900000,5G,Android 14,256,82.0,6.1,16,A17 Pro,200,Yes,Fingerprint,75000,37.18,21:00,80,0,6.16,Business,1,8,29,Online Shop,Selective Contract,Yes,Yes,Internet+TV,4
CUST_0260,A3106,iPhone 15 Pro,Apple,2024-09-21,2024-10-02,18,1550000,5G,iOS 17,128,89.4,6.1,8,A17 Pro,50,No,Face ID,775000,69.32,19:00,87,4,18.87,Finance,2,7,22,Agency,Selective Contract,No,No,Family,0
CUST_0261,23127PN0CG,Xiaomi 14,Xiaomi,2023-11-07,2024-04-12,24,900000,5G,Android 14,1024,87.8,6.7,16,A17 Pro,200,No,Face ID,0,25.49,05:00,64,5,17.93,SNS,0,3,24,Direct Store,Selective Contract,No,Yes,Internet+TV,3
CUST_0262,SM-S921,Galaxy S24,Samsung,2023-07-11,2024-06-02,22,1150000,5G,Android 14,512,86.3,6.1,8,Snapdragon Gen 3,50,No,Face ID,447222,72.47,17:00,72,0,16.46,Video,2,8,35,Agency,Selective Contract,Yes,Yes,Single,1
CUST_0263,23127PN0CG,Xiaomi 14,Xiaomi,2023-03-04,2023-05-06,35,900000,5G,Android 14,512,78.5,6.8,8,A17 Pro,48,Yes,Face ID,25000,91.15,15:00,18,4,14.91,Shopping,3,10,31,Direct Store,Selective Contract,Yes,No,Internet+TV,4
CUST_0264,SM-S928,Galaxy S24 Ultra,Samsung,2024-11-27,2025-09-20,7,1690000,5G,Android 14,128,93.7,6.1,12,Snapdragon Gen 3,50,Yes,Face ID,1361388,88.44,11:00,63,5,18.24,Video,0,5,27,Agency,Device Subsidy,Yes,Yes,Single,4
CUST_0265,A2894,iPhone 14,Apple,2024-01-05,2024-06-14,22,1000000,5G,iOS 17,512,85.4,6.8,8,A17 Pro,50,Yes,Fingerprint,388888,14.1,16:00,46,2,15.58,Business,2,3,21,Online Shop,Device Subsidy,Yes,Yes,Internet+TV,4
CUST_0266,SM-S928,Galaxy S24 Ultra,Samsung,2023-03-28,2023-05-06,35,1690000,5G,Android 14,128,80.9,6.7,16,Snapdragon Gen 3,108,Yes,Face ID,0,50.55,19:00,76,2,3.44,Video,0,2,25,Online Shop,Device Subsidy,Yes,No,Single,1
CUST_0267,A3102,iPhone 15,Apple,2023-06-09,2024-05-27,23,1250000,5G,iOS 17,128,83.7,6.1,6,A17 Pro,48,Yes,Both,451388,76.95,16:00,85,0,9.38,Video,0,2,27,Agency,Device Subsidy,Yes,Yes,Internet+TV,1
CUST_0268,A3102,iPhone 15,Apple,2023-11-07,2023-11-21,29,1250000,5G,iOS 17,128,80.5,6.7,8,A17 Pro,50,Yes,Both,243055,95.14,18:00,18,0,16.39,Game,1,4,48,Direct Store,Device Subsidy,Yes,Yes,Single,4
CUST_0269,G82U8,Pixel 8,Google,2022-07-07,2022-10-09,42,850000,5G,Android 14,1024,75.8,6.7,12,A17 Pro,200,Yes,Both,0,22.18,07:00,62,0,15.23,Video,0,8,21,Agency,Device Subsidy,No,No,Internet+TV,2
CUST_0270,SM-S921,Galaxy S24,Samsung,2023-12-25,2024-09-02,19,1150000,5G,Android 14,128,87.9,6.7,16,Snapdragon Gen 3,200,Yes,Both,543055,62.04,13:00,47,3,3.78,Game,3,6,23,Online Shop,Selective Contract,Yes,No,Family,4
CUST_0271,SM-S921,Galaxy S24,Samsung,2025-01-06,2025-07-27,9,1150000,5G,Android 14,1024,95.8,6.1,8,Snapdragon Gen 3,108,Yes,Face ID,718750,75.44,06:00,86,3,2.46,Business,3,5,42,Agency,Selective Contract,No,No,Family,4
CUST_0272,G82U8,Pixel 8,Google,2022-12-14,2023-05-05,35,850000,5G,Android 14,256,80.6,6.7,12,A17 Pro,50,Yes,Fingerprint,0,16.61,03:00,16,0,9.96,Game,1,7,37,Agency,Selective Contract,Yes,No,Internet+TV,4
CUST_0273,SM-S921,Galaxy S24,Samsung,2022-11-27,2023-08-06,32,1150000,5G,Android 14,1024,79.0,6.7,16,Snapdragon Gen 3,108,Yes,Fingerprint,127777,51.57,13:00,25,3,9.0,Business,3,8,19,Online Shop,Device Subsidy,No,Yes,Family,3
CUST_0274,A3106,iPhone 15 Pro,Apple,2023-08-22,2024-04-27,24,1550000,5G,iOS 17,128,86.0,6.8,8,A17 Pro,200,Yes,Both,516666,67.71,01:00,60,2,9.89,Business,2,5,28,Online Shop,Device Subsidy,Yes,Yes,Family,2
CUST_0275,SM-A546,Galaxy A54,Samsung,2023-11-28,2024-06-09,22,590000,5G,Android 14,128,86.4,6.1,16,Snapdragon Gen 3,50,Yes,Fingerprint,229444,44.13,20:00,49,4,1.7,Finance,0,5,21,Direct Store,Device Subsidy,Yes,No,Single,3
CUST_0276,G82U8,Pixel 8,Google,2024-04-28,2024-05-08,23,850000,5G,Android 14,1024,86.7,6.7,12,A17 Pro,48,No,Fingerprint,306944,40.89,22:00,36,2,9.93,Finance,2,3,37,Direct Store,Selective Contract,No,Yes,Family,0
CUST_0277,A3106,iPhone 15 Pro,Apple,2024-05-01,2024-05-25,23,1550000,5G,iOS 17,512,89.2,6.8,6,A17 Pro,48,No,Face ID,559722,81.44,02:00,82,4,9.51,SNS,2,2,38,Direct Store,Selective Contract,No,No,Single,3
CUST_0278,G82U8,Pixel 8,Google,2022-04-26,2023-01-14,39,850000,5G,Android 14,1024,77.6,6.8,16,A17 Pro,50,No,Fingerprint,0,88.69,21:00,69,2,18.74,Shopping,3,10,41,Agency,Device Subsidy,Yes,No,Family,1
CUST_0279,A3102,iPhone 15,Apple,2024-02-20,2024-09-29,19,1250000,5G,iOS 17,1024,87.5,6.7,8,A17 Pro,108,Yes,Face ID,260416,65.22,21:00,86,1,8.12,Game,1,4,18,Online Shop,Selective Contract,No,No,Internet+TV,3
CUST_0280,G82U8,Pixel 8,Google,2024-09-08,2024-11-28,17,850000,5G,Android 14,512,87.6,6.7,16,A17 Pro,50,Yes,Both,448611,80.02,15:00,12,0,17.19,Game,2,10,27,Online Shop,Selective Contract,No,Yes,Family,1
CUST_0281,A3102,iPhone 15,Apple,2022-08-14,2023-04-27,36,1250000,5G,iOS 17,128,78.5,6.1,6,A17 Pro,48,No,Face ID,0,52.16,18:00,59,5,14.88,Business,1,3,21,Online Shop,Device Subsidy,No,No,Family,2
CUST_0282,SM-S928,Galaxy S24 Ultra,Samsung,2022-10-30,2023-05-09,35,1690000,5G,Android 14,128,77.9,6.1,12,Snapdragon Gen 3,50,No,Face ID,46944,50.11,22:00,57,2,0.42,Shopping,0,1,40,Agency,Device Subsidy,No,No,Family,2
CUST_0283,SM-A546,Galaxy A54,Samsung,2024-06-29,2025-02-10,14,590000,5G,Android 14,1024,88.6,6.7,12,Snapdragon Gen 3,48,Yes,Face ID,360555,93.11,06:00,30,3,12.63,Finance,3,1,26,Online Shop,Selective Contract,No,No,Family,3
CUST_0284,SM-S921,Galaxy S24,Samsung,2024-05-10,2025-01-24,15,1150000,5G,Android 14,128,90.1,6.1,8,Snapdragon Gen 3,50,No,Both,670833,48.06,04:00,10,3,4.0,Video,2,10,20,Online Shop,Device Subsidy,Yes,Yes,Internet+TV,3
CUST_0285,23127PN0CG,Xiaomi 14,Xiaomi,2023-02-20,2023-04-29,36,900000,5G,Android 14,512,76.4,6.1,8,A17 Pro,200,No,Fingerprint,0,80.96,12:00,58,4,4.49,Game,1,2,32,Online Shop,Selective Contract,Yes,Yes,Family,4
CUST_0286,G82U8,Pixel 8,Google,2024-12-25,2025-02-08,14,850000,5G,Android 14,512,89.6,6.8,12,A17 Pro,200,No,Fingerprint,354166,6.34,07:00,36,1,18.92,Video,2,8,30,Online Shop,Selective Contract,Yes,Yes,Family,1
CUST_0287,G82U8,Pixel 8,Google,2023-07-13,2023-09-25,31,850000,5G,Android 14,128,80.1,6.7,8,A17 Pro,108,No,Fingerprint,118055,27.37,00:00,70,1,17.43,Finance,3,4,40,Direct Store,Selective Contract,No,Yes,Single,4
CUST_0288,SM-S921,Galaxy S24,Samsung,2023-12-15,2024-04-13,24,1150000,5G,Android 14,1024,88.0,6.8,16,Snapdragon Gen 3,200,No,Face ID,0,5.51,21:00,57,1,19.36,Shopping,0,10,23,Direct Store,Device Subsidy,No,No,Family,1
CUST_0289,SM-S928,Galaxy S24 Ultra,Samsung,2022-11-05,2023-06-14,34,1690000,5G,Android 14,256,78.2,6.1,12,Snapdragon Gen 3,108,No,Face ID,93888,9.2,09:00,43,4,16.59,Video,2,7,46,Online Shop,Selective Contract,No,Yes,Internet+TV,3
CUST_0290,SM-S921,Galaxy S24,Samsung,2024-12-26,2025-01-22,15,1150000,5G,Android 14,256,89.1,6.8,12,Snapdragon Gen 3,200,Yes,Face ID,670833,29.72,01:00,66,2,19.78,Shopping,3,8,33,Online Shop,Device Subsidy,Yes,No,Single,1
CUST_0291,23127PN0CG,Xiaomi 14,Xiaomi,2024-11-16,2025-08-03,8,900000,5G,Android 14,512,95.6,6.1,16,A17 Pro,50,No,Fingerprint,600000,60.44,07:00,73,5,1.89,Video,0,5,39,Agency,Device Subsidy,No,No,Internet+TV,0
CUST_0292,23127PN0CG,Xiaomi 14,Xiaomi,2025-08-28,2025-10-08,6,900000,5G,Android 14,1024,98.4,6.7,16,A17 Pro,48,No,Fingerprint,750000,48.14,20:00,89,3,6.5,Finance,1,4,45,Online Shop,Selective Contract,No,Yes,Internet+TV,0
CUST_0293,G82U8,Pixel 8,Google,2023-08-02,2023-12-10,28,850000,5G,Android 14,256,81.6,6.1,8,A17 Pro,200,No,Face ID,188888,13.47,20:00,29,0,5.97,Business,2,10,22,Direct Store,Device Subsidy,No,Yes,Family,3
CUST_0294,G82U8,Pixel 8,Google,2024-04-25,2025-02-07,14,850000,5G,Android 14,1024,89.1,6.8,8,A17 Pro,200,No,Fingerprint,519444,82.04,01:00,75,2,19.47,Finance,1,3,47,Direct Store,Device Subsidy,No,No,Family,0
CUST_0295,G82U8,Pixel 8,Google,2024-12-26,2025-03-01,13,850000,5G,Android 14,512,94.2,6.1,16,A17 Pro,48,Yes,Both,543055,33.07,03:00,75,3,8.26,Business,2,6,26,Agency,Device Subsidy,Yes,Yes,Internet+TV,3
CUST_0296,A3102,iPhone 15,Apple,2023-08-14,2023-09-06,31,1250000,5G,iOS 17,128,80.9,6.8,8,A17 Pro,200,No,Face ID,173611,34.82,05:00,37,1,1.56,Shopping,2,2,31,Agency,Device Subsidy,Yes,No,Single,0
CUST_0297,A2894,iPhone 14,Apple,2023-02-22,2023-10-15,30,1000000,5G,iOS 17,1024,84.2,6.8,8,A17 Pro,200,No,Fingerprint,166666,33.77,04:00,27,0,3.82,Game,1,1,24,Direct Store,Device Subsidy,Yes,No,Internet+TV,4
CUST_0298,A3102,iPhone 15,Apple,2024-02-18,2024-10-12,18,1250000,5G,iOS 17,256,89.0,6.1,8,A17 Pro,200,No,Fingerprint,312500,16.06,14:00,84,1,4.03,Shopping,3,1,28,Online Shop,Device Subsidy,No,No,Family,4
CUST_0299,23127PN0CG,Xiaomi 14,Xiaomi,2023-02-01,2023-08-24,32,900000,5G,Android 14,1024,80.9,6.1,16,A17 Pro,48,No,Both,100000,27.03,10:00,80,0,5.36,Finance,3,8,21,Direct Store,Selective Contract,No,No,Single,1
CUST_0300,23127PN0CG,Xiaomi 14,Xiaomi,2023-03-10,2023-09-02,31,900000,5G,Android 14,1024,79.8,6.8,12,A17 Pro,200,Yes,Face ID,0,60.83,23:00,59,3,16.66,Finance,2,8,43,Online Shop,Device Subsidy,No,Yes,Internet+TV,3
CUST_0301,A3102,iPhone 15,Apple,2024-09-13,2024-12-02,16,1250000,5G,iOS 17,1024,88.0,6.7,8,A17 Pro,50,Yes,Both,694444,94.59,01:00,12,2,17.62,Video,1,3,44,Agency,Device Subsidy,Yes,No,Family,0
CUST_0302,A3102,iPhone 15,Apple,2022-09-02,2022-12-25,40,1250000,5G,iOS 17,1024,75.0,6.1,8,A17 Pro,50,Yes,Both,0,79.56,01:00,66,3,19.25,Game,0,10,37,Online Shop,Device Subsidy,Yes,Yes,Internet+TV,0
CUST_0303,A3106,iPhone 15 Pro,Apple,2024-12-09,2025-05-07,11,1550000,5G,iOS 17,1024,95.0,6.1,6,A17 Pro,108,No,Fingerprint,1076388,74.59,03:00,35,3,19.39,Game,1,8,28,Direct Store,Device Subsidy,Yes,No,Family,3
CUST_0304,23127PN0CG,Xiaomi 14,Xiaomi,2024-12-20,2025-09-17,7,900000,5G,Android 14,1024,97.5,6.7,12,A17 Pro,200,No,Fingerprint,637499,81.17,14:00,28,0,14.35,Shopping,0,2,28,Direct Store,Selective Contract,Yes,No,Single,3
CUST_0305,SM-A546,Galaxy A54,Samsung,2024-12-21,2025-10-11,6,590000,5G,Android 14,128,99.3,6.8,16,Snapdragon Gen 3,108,No,Face ID,491666,44.83,00:00,45,4,12.21,SNS,3,8,38,Online Shop,Selective Contract,No,No,Single,2
CUST_0306,SM-S921,Galaxy S24,Samsung,2022-10-22,2023-04-11,36,1150000,5G,Android 14,1024,79.8,6.8,12,Snapdragon Gen 3,50,Yes,Both,0,54.44,17:00,49,4,6.81,Finance,1,1,18,Agency,Selective Contract,Yes,No,Internet+TV,3
CUST_0307,SM-A546,Galaxy A54,Samsung,2025-06-26,2026-01-02,3,590000,5G,Android 14,512,99.0,6.8,8,Snapdragon Gen 3,200,No,Both,540833,16.76,23:00,10,3,6.78,SNS,1,6,27,Direct Store,Device Subsidy,No,Yes,Single,2
CUST_0308,A3106,iPhone 15 Pro,Apple,2023-04-10,2023-05-30,35,1550000,5G,iOS 17,256,80.3,6.1,8,A17 Pro,50,No,Fingerprint,43055,12.78,14:00,19,2,13.54,Business,3,5,36,Direct Store,Selective Contract,No,No,Internet+TV,3
CUST_0309,A3102,iPhone 15,Apple,2022-12-26,2023-03-01,37,1250000,5G,iOS 17,1024,79.1,6.8,6,A17 Pro,50,No,Face ID,0,96.96,01:00,30,4,7.39,Game,3,2,21,Direct Store,Selective Contract,Yes,Yes,Single,2
CUST_0310,23127PN0CG,Xiaomi 14,Xiaomi,2024-02-13,2024-07-12,21,900000,5G,Android 14,1024,84.6,6.8,12,A17 Pro,48,No,Face ID,112500,18.5,06:00,33,5,9.78,Game,2,2,45,Online Shop,Selective Contract,No,No,Internet+TV,3
CUST_0311,23127PN0CG,Xiaomi 14,Xiaomi,2023-02-26,2024-01-02,27,900000,5G,Android 14,256,85.4,6.8,12,A17 Pro,50,No,Fingerprint,225000,77.36,19:00,89,3,7.74,Business,2,9,19,Agency,Selective Contract,No,Yes,Single,0
CUST_0312,23127PN0CG,Xiaomi 14,Xiaomi,2022-09-07,2022-10-20,42,900000,5G,Android 14,256,77.5,6.8,8,A17 Pro,200,Yes,Fingerprint,0,95.94,21:00,78,1,19.25,Video,1,4,44,Agency,Selective Contract,Yes,No,Family,4
CUST_0313,SM-S928,Galaxy S24 Ultra,Samsung,2025-09-09,2026-03-02,1,1690000,5G,Android 14,1024,97.5,6.7,12,Snapdragon Gen 3,108,Yes,Fingerprint,1619583,86.67,03:00,79,1,5.71,SNS,2,2,22,Direct Store,Selective Contract,Yes,Yes,Internet+TV,2
CUST_0314,A3102,iPhone 15,Apple,2025-06-29,2025-11-28,5,1250000,5G,iOS 17,1024,94.6,6.7,8,A17 Pro,200,Yes,Fingerprint,989583,44.22,06:00,40,4,11.72,Business,3,2,26,Online Shop,Selective Contract,No,No,Single,3
CUST_0315,SM-S928,Galaxy S24 Ultra,Samsung,2024-07-05,2024-07-14,21,1690000,5G,Android 14,512,87.7,6.8,16,Snapdragon Gen 3,50,No,Both,211250,28.4,13:00,67,0,16.93,Shopping,1,3,29,Agency,Device Subsidy,Yes,No,Internet+TV,3
CUST_0316,SM-S921,Galaxy S24,Samsung,2023-03-20,2024-01-31,27,1150000,5G,Android 14,512,84.7,6.7,12,Snapdragon Gen 3,108,No,Face ID,0,5.05,20:00,37,4,16.81,Video,0,3,41,Agency,Device Subsidy,No,Yes,Family,0
CUST_0317,A2894,iPhone 14,Apple,2022-09-13,2023-02-03,38,1000000,5G,iOS 17,1024,75.5,6.7,8,A17 Pro,200,No,Fingerprint,0,88.97,21:00,51,2,4.21,Shopping,2,1,47,Agency,Device Subsidy,Yes,No,Single,0
CUST_0318,A3106,iPhone 15 Pro,Apple,2022-09-14,2023-09-05,31,1550000,5G,iOS 17,1024,83.0,6.8,6,A17 Pro,48,No,Both,0,79.79,03:00,55,3,16.55,Video,3,3,44,Agency,Device Subsidy,Yes,No,Family,1
CUST_0319,G82U8,Pixel 8,Google,2024-07-30,2024-08-09,20,850000,5G,Android 14,512,89.1,6.8,16,A17 Pro,108,Yes,Fingerprint,377777,23.19,15:00,56,0,5.62,Finance,1,1,24,Agency,Selective Contract,Yes,No,Internet+TV,4
CUST_0320,G82U8,Pixel 8,Google,2022-09-22,2022-12-30,40,850000,5G,Android 14,256,75.0,6.1,12,A17 Pro,50,No,Fingerprint,0,75.87,21:00,12,5,13.55,Shopping,2,9,46,Direct Store,Device Subsidy,No,Yes,Family,3
CUST_0321,G82U8,Pixel 8,Google,2025-02-19,2026-02-02,2,850000,5G,Android 14,1024,98.8,6.1,8,A17 Pro,108,No,Both,779166,88.96,14:00,50,0,7.84,Video,0,10,43,Online Shop,Device Subsidy,No,Yes,Single,1
CUST_0322,A3106,iPhone 15 Pro,Apple,2024-01-29,2024-03-01,25,1550000,5G,iOS 17,128,82.2,6.8,8,A17 Pro,108,Yes,Fingerprint,473611,81.77,15:00,40,2,16.65,Video,1,2,42,Agency,Selective Contract,Yes,No,Internet+TV,0
CUST_0323,SM-S921,Galaxy S24,Samsung,2025-08-19,2026-02-28,2,1150000,5G,Android 14,512,101.1,6.1,12,Snapdragon Gen 3,48,No,Both,1054166,79.35,20:00,65,0,2.04,Game,0,5,45,Direct Store,Selective Contract,Yes,No,Single,4
CUST_0324,SM-S928,Galaxy S24 Ultra,Samsung,2023-09-01,2024-04-25,24,1690000,5G,Android 14,1024,87.9,6.8,8,Snapdragon Gen 3,200,No,Both,0,37.26,06:00,23,0,0.25,Finance,0,10,43,Online Shop,Device Subsidy,No,No,Family,3
CUST_0325,G82U8,Pixel 8,Google,2024-06-16,2024-08-25,20,850000,5G,Android 14,128,85.4,6.8,16,A17 Pro,108,No,Both,377777,60.53,17:00,28,1,9.39,Shopping,2,5,29,Online Shop,Device Subsidy,Yes,Yes,Internet+TV,4
CUST_0326,SM-S928,Galaxy S24 Ultra,Samsung,2023-11-22,2024-03-01,25,1690000,5G,Android 14,256,85.8,6.7,8,Snapdragon Gen 3,200,No,Both,0,79.6,22:00,52,4,11.32,Video,2,7,28,Online Shop,Device Subsidy,No,Yes,Family,1
CUST_0327,SM-A546,Galaxy A54,Samsung,2024-07-27,2025-07-16,9,590000,5G,Android 14,256,94.4,6.8,12,Snapdragon Gen 3,200,Yes,Face ID,368750,27.71,05:00,10,2,0.2,Video,0,9,21,Online Shop,Selective Contract,No,Yes,Internet+TV,4
CUST_0328,23127PN0CG,Xiaomi 14,Xiaomi,2025-08-27,2025-12-06,4,900000,5G,Android 14,256,96.3,6.8,8,A17 Pro,108,Yes,Fingerprint,750000,89.11,06:00,12,1,16.86,Game,0,3,30,Agency,Device Subsidy,No,Yes,Family,3
CUST_0329,A3106,iPhone 15 Pro,Apple,2023-09-25,2024-08-28,20,1550000,5G,iOS 17,256,90.6,6.1,6,A17 Pro,50,Yes,Fingerprint,688888,88.45,06:00,78,3,13.89,Video,3,4,47,Online Shop,Device Subsidy,No,Yes,Family,1
CUST_0330,SM-A546,Galaxy A54,Samsung,2024-04-01,2024-06-04,22,590000,5G,Android 14,1024,85.1,6.8,16,Snapdragon Gen 3,48,Yes,Both,49166,79.54,12:00,75,2,9.97,Business,1,6,40,Direct Store,Selective Contract,No,No,Family,4
CUST_0331,G82U8,Pixel 8,Google,2024-08-28,2024-12-18,16,850000,5G,Android 14,256,90.1,6.7,12,A17 Pro,200,Yes,Face ID,283333,42.61,08:00,80,0,2.69,Game,2,8,34,Direct Store,Device Subsidy,Yes,No,Internet+TV,4
CUST_0332,23127PN0CG,Xiaomi 14,Xiaomi,2023-04-17,2023-12-12,28,900000,5G,Android 14,1024,82.7,6.7,8,A17 Pro,50,No,Fingerprint,200000,35.12,08:00,19,2,18.03,Video,0,5,47,Online Shop,Device Subsidy,Yes,Yes,Family,0
CUST_0333,A3106,iPhone 15 Pro,Apple,2024-09-19,2025-08-30,8,1550000,5G,iOS 17,512,93.7,6.8,6,A17 Pro,108,Yes,Face ID,1205555,23.11,09:00,54,3,18.92,Shopping,0,8,38,Agency,Device Subsidy,No,Yes,Single,1
CUST_0334,G82U8,Pixel 8,Google,2022-12-05,2023-10-01,30,850000,5G,Android 14,1024,83.3,6.1,12,A17 Pro,50,No,Both,141666,37.36,13:00,36,3,9.0,Shopping,0,6,22,Agency,Device Subsidy,No,Yes,Family,2
CUST_0335,23127PN0CG,Xiaomi 14,Xiaomi,2023-06-21,2024-01-24,27,900000,5G,Android 14,1024,85.4,6.1,16,A17 Pro,48,Yes,Fingerprint,225000,35.98,10:00,82,5,15.98,Shopping,3,7,24,Direct Store,Device Subsidy,No,Yes,Family,0
CUST_0336,23127PN0CG,Xiaomi 14,Xiaomi,2024-02-11,2024-03-29,25,900000,5G,Android 14,256,82.6,6.8,16,A17 Pro,200,Yes,Fingerprint,0,8.05,06:00,18,3,5.68,SNS,2,9,20,Direct Store,Device Subsidy,No,Yes,Single,2
CUST_0337,G82U8,Pixel 8,Google,2024-12-09,2025-02-03,14,850000,5G,Android 14,256,91.8,6.7,8,A17 Pro,50,Yes,Face ID,519444,75.6,13:00,70,1,12.07,Video,1,9,40,Agency,Selective Contract,No,Yes,Single,1
CUST_0338,G82U8,Pixel 8,Google,2023-08-01,2024-06-05,22,850000,5G,Android 14,256,87.0,6.8,8,A17 Pro,48,No,Both,330555,48.72,14:00,54,5,16.85,Video,3,10,44,Online Shop,Selective Contract,Yes,Yes,Internet+TV,3
CUST_0339,G82U8,Pixel 8,Google,2024-10-16,2025-10-08,6,850000,5G,Android 14,128,95.8,6.1,12,A17 Pro,108,Yes,Both,637500,27.77,23:00,37,3,8.23,Shopping,0,6,20,Online Shop,Selective Contract,No,No,Single,2
CUST_0340,A2894,iPhone 14,Apple,2025-07-27,2026-03-20,1,1000000,5G,iOS 17,128,96.8,6.8,8,A17 Pro,50,No,Fingerprint,972222,41.21,00:00,42,0,14.18,SNS,2,8,33,Direct Store,Device Subsidy,Yes,Yes,Internet+TV,3
CUST_0341,A3106,iPhone 15 Pro,Apple,2024-04-03,2024-06-24,22,1550000,5G,iOS 17,256,88.8,6.1,8,A17 Pro,50,Yes,Both,129166,21.84,00:00,44,1,8.81,SNS,1,1,46,Agency,Device Subsidy,No,Yes,Internet+TV,4
CUST_0342,SM-S928,Galaxy S24 Ultra,Samsung,2024-02-03,2024-09-17,19,1690000,5G,Android 14,128,89.2,6.1,8,Snapdragon Gen 3,108,Yes,Fingerprint,352083,78.38,02:00,12,3,0.56,Game,2,4,39,Agency,Device Subsidy,Yes,Yes,Internet+TV,1
CUST_0343,A3102,iPhone 15,Apple,2023-06-28,2024-03-16,25,1250000,5G,iOS 17,128,86.9,6.1,6,A17 Pro,200,No,Fingerprint,381944,58.4,07:00,37,0,7.13,SNS,0,7,38,Direct Store,Device Subsidy,No,Yes,Family,1
CUST_0344,SM-A546,Galaxy A54,Samsung,2024-04-04,2025-03-02,13,590000,5G,Android 14,512,89.5,6.8,12,Snapdragon Gen 3,48,Yes,Face ID,270416,44.05,03:00,86,2,19.63,Finance,3,3,28,Online Shop,Selective Contract,No,Yes,Family,0
CUST_0345,G82U8,Pixel 8,Google,2022-12-15,2023-11-07,29,850000,5G,Android 14,256,82.6,6.8,8,A17 Pro,108,Yes,Both,0,27.1,13:00,41,4,1.59,SNS,2,8,27,Online Shop,Device Subsidy,No,Yes,Internet+TV,0
CUST_0346,A2894,iPhone 14,Apple,2022-06-20,2023-02-02,38,1000000,5G,iOS 17,512,75.0,6.1,8,A17 Pro,108,Yes,Fingerprint,0,66.14,23:00,52,2,4.84,Shopping,0,4,43,Agency,Device Subsidy,No,No,Single,3
CUST_0347,SM-S921,Galaxy S24,Samsung,2023-01-24,2023-02-28,38,1150000,5G,Android 14,256,75.0,6.1,8,Snapdragon Gen 3,50,Yes,Fingerprint,0,94.14,16:00,20,3,14.5,Video,1,4,25,Direct Store,Device Subsidy,Yes,No,Family,4
CUST_0348,G82U8,Pixel 8,Google,2024-04-18,2024-12-20,16,850000,5G,Android 14,128,93.1,6.1,12,A17 Pro,200,No,Both,472222,42.83,19:00,65,1,16.39,Business,0,7,31,Online Shop,Selective Contract,Yes,Yes,Family,3
CUST_0349,G82U8,Pixel 8,Google,2023-04-12,2023-09-04,31,850000,5G,Android 14,1024,81.8,6.1,16,A17 Pro,200,Yes,Fingerprint,118055,11.83,06:00,10,0,17.23,Finance,2,8,30,Direct Store,Selective Contract,No,No,Family,2
CUST_0350,SM-S928,Galaxy S24 Ultra,Samsung,2025-08-08,2025-10-10,6,1690000,5G,Android 14,1024,99.0,6.7,12,Snapdragon Gen 3,108,No,Both,1267500,23.45,22:00,57,5,1.15,Business,3,4,25,Direct Store,Device Subsidy,No,Yes,Internet+TV,1
CUST_0351,23127PN0CG,Xiaomi 14,Xiaomi,2024-12-29,2025-05-08,11,900000,5G,Android 14,256,94.0,6.1,16,A17 Pro,200,No,Both,487500,6.17,18:00,20,4,18.2,Business,1,7,26,Agency,Selective Contract,No,No,Internet+TV,3
CUST_0352,SM-S921,Galaxy S24,Samsung,2022-08-11,2023-02-03,38,1150000,5G,Android 14,256,75.8,6.7,16,Snapdragon Gen 3,108,Yes,Fingerprint,0,93.35,15:00,10,0,1.4,Finance,3,9,31,Agency,Selective Contract,No,Yes,Single,2
CUST_0353,A2894,iPhone 14,Apple,2025-01-24,2025-05-05,11,1000000,5G,iOS 17,1024,91.5,6.1,6,A17 Pro,50,Yes,Both,541666,47.81,05:00,34,2,19.66,Business,3,10,21,Agency,Device Subsidy,Yes,No,Single,3
CUST_0354,SM-S928,Galaxy S24 Ultra,Samsung,2025-06-17,2025-12-09,4,1690000,5G,Android 14,128,98.1,6.1,8,Snapdragon Gen 3,48,No,Fingerprint,1502222,51.09,21:00,84,0,1.94,Shopping,0,7,37,Agency,Selective Contract,No,No,Family,4
CUST_0355,G82U8,Pixel 8,Google,2023-09-28,2024-09-11,19,850000,5G,Android 14,512,91.6,6.8,12,A17 Pro,200,Yes,Face ID,177083,94.39,10:00,22,0,9.14,Finance,3,3,18,Agency,Device Subsidy,No,Yes,Family,3
CUST_0356,G82U8,Pixel 8,Google,2024-10-07,2024-10-08,18,850000,5G,Android 14,512,86.3,6.8,12,A17 Pro,200,Yes,Both,425000,87.98,15:00,61,5,12.25,Game,2,7,48,Direct Store,Device Subsidy,No,No,Internet+TV,1
CUST_0357,A2894,iPhone 14,Apple,2022-08-12,2023-04-27,36,1000000,5G,iOS 17,128,76.2,6.8,8,A17 Pro,50,No,Fingerprint,0,33.63,15:00,79,1,4.87,SNS,0,2,31,Agency,Device Subsidy,Yes,No,Family,2
CUST_0358,A2894,iPhone 14,Apple,2024-05-17,2025-04-22,12,1000000,5G,iOS 17,1024,95.5,6.8,8,A17 Pro,48,No,Fingerprint,500000,68.22,18:00,86,0,12.88,Business,3,9,48,Direct Store,Device Subsidy,Yes,No,Single,2
CUST_0359,SM-S921,Galaxy S24,Samsung,2025-04-27,2025-10-18,6,1150000,5G,Android 14,256,97.9,6.1,12,Snapdragon Gen 3,200,Yes,Face ID,862500,59.42,01:00,85,4,3.8,Business,3,6,42,Direct Store,Device Subsidy,Yes,Yes,Family,0
CUST_0360,G82U8,Pixel 8,Google,2025-01-03,2025-06-03,10,850000,5G,Android 14,256,94.0,6.7,8,A17 Pro,48,No,Face ID,613888,19.01,16:00,25,2,19.94,Finance,3,4,33,Direct Store,Selective Contract,Yes,No,Single,1
CUST_0361,A2894,iPhone 14,Apple,2025-07-11,2025-10-10,6,1000000,5G,iOS 17,1024,97.8,6.8,6,A17 Pro,48,No,Face ID,833333,98.52,13:00,70,2,15.15,Business,0,9,41,Direct Store,Selective Contract,Yes,No,Single,1
CUST_0362,23127PN0CG,Xiaomi 14,Xiaomi,2024-02-12,2024-10-03,18,900000,5G,Android 14,256,89.7,6.7,8,A17 Pro,50,Yes,Both,450000,71.12,06:00,11,2,14.52,Shopping,0,3,30,Direct Store,Device Subsidy,Yes,Yes,Family,3
CUST_0363,A3102,iPhone 15,Apple,2025-02-28,2025-11-18,5,1250000,5G,iOS 17,512,97.6,6.7,6,A17 Pro,48,Yes,Fingerprint,989583,64.56,12:00,72,2,13.76,SNS,3,2,42,Direct Store,Selective Contract,No,No,Family,0
CUST_0364,SM-S921,Galaxy S24,Samsung,2025-05-10,2025-07-11,9,1150000,5G,Android 14,1024,95.4,6.8,16,Snapdragon Gen 3,200,No,Both,718750,7.19,23:00,22,4,3.62,Business,3,5,36,Online Shop,Device Subsidy,No,Yes,Internet+TV,4
CUST_0365,A3106,iPhone 15 Pro,Apple,2025-09-16,2026-04-05,0,1550000,5G,iOS 17,1024,97.4,6.1,6,A17 Pro,50,Yes,Fingerprint,1550000,76.58,17:00,67,2,2.46,SNS,1,3,20,Agency,Selective Contract,Yes,Yes,Single,4
CUST_0366,23127PN0CG,Xiaomi 14,Xiaomi,2022-10-08,2023-01-03,39,900000,5G,Android 14,1024,79.5,6.1,16,A17 Pro,108,No,Fingerprint,0,28.59,18:00,72,5,6.26,Video,1,2,39,Online Shop,Device Subsidy,Yes,Yes,Single,2
CUST_0367,A3102,iPhone 15,Apple,2022-06-11,2023-03-20,37,1250000,5G,iOS 17,256,78.4,6.8,8,A17 Pro,48,No,Face ID,0,17.21,12:00,30,3,9.12,Video,3,3,35,Online Shop,Device Subsidy,No,Yes,Internet+TV,2
CUST_0368,A3106,iPhone 15 Pro,Apple,2024-12-16,2025-05-26,11,1550000,5G,iOS 17,1024,92.7,6.1,6,A17 Pro,200,Yes,Face ID,839583,12.36,20:00,21,2,18.18,Video,1,4,26,Online Shop,Device Subsidy,No,Yes,Family,0
CUST_0369,SM-S921,Galaxy S24,Samsung,2022-11-13,2023-04-18,36,1150000,5G,Android 14,1024,76.0,6.7,16,Snapdragon Gen 3,108,Yes,Fingerprint,0,71.54,05:00,50,3,3.61,Finance,3,8,36,Online Shop,Selective Contract,Yes,Yes,Internet+TV,1
CUST_0370,A3106,iPhone 15 Pro,Apple,2022-08-21,2023-01-04,39,1550000,5G,iOS 17,128,79.1,6.1,8,A17 Pro,200,Yes,Face ID,0,72.21,11:00,69,4,5.74,Business,1,5,38,Online Shop,Selective Contract,No,No,Single,0
CUST_0371,SM-A546,Galaxy A54,Samsung,2024-06-22,2024-08-08,20,590000,5G,Android 14,256,88.5,6.8,12,Snapdragon Gen 3,48,No,Both,98333,75.62,16:00,27,3,9.96,Finance,0,7,18,Agency,Device Subsidy,Yes,No,Internet+TV,4
CUST_0372,23127PN0CG,Xiaomi 14,Xiaomi,2022-11-10,2023-10-26,30,900000,5G,Android 14,128,82.6,6.8,8,A17 Pro,50,Yes,Face ID,0,69.08,04:00,75,2,19.05,Business,3,7,23,Direct Store,Device Subsidy,No,Yes,Internet+TV,0
CUST_0373,23127PN0CG,Xiaomi 14,Xiaomi,2023-02-10,2023-07-10,33,900000,5G,Android 14,512,78.5,6.7,16,A17 Pro,48,No,Both,75000,25.66,15:00,17,2,0.12,Business,2,5,29,Online Shop,Device Subsidy,No,Yes,Family,2
CUST_0374,SM-S921,Galaxy S24,Samsung,2023-05-28,2024-02-03,26,1150000,5G,Android 14,256,81.9,6.7,8,Snapdragon Gen 3,50,No,Fingerprint,0,44.02,15:00,60,2,5.99,Business,1,9,43,Direct Store,Device Subsidy,No,No,Single,1
CUST_0375,23127PN0CG,Xiaomi 14,Xiaomi,2025-10-15,2026-04-16,0,900000,5G,Android 14,256,97.7,6.7,12,A17 Pro,108,Yes,Fingerprint,900000,8.82,21:00,35,3,19.19,Video,0,7,33,Agency,Selective Contract,Yes,No,Family,4
CUST_0376,G82U8,Pixel 8,Google,2025-03-16,2025-05-10,11,850000,5G,Android 14,128,91.2,6.8,8,A17 Pro,48,No,Face ID,590277,52.5,19:00,11,3,9.6,Video,3,2,42,Direct Store,Device Subsidy,Yes,Yes,Single,2
CUST_0377,SM-S928,Galaxy S24 Ultra,Samsung,2024-06-07,2025-05-14,11,1690000,5G,Android 14,1024,91.6,6.8,16,Snapdragon Gen 3,50,Yes,Both,915416,71.61,20:00,29,1,2.41,Business,0,5,24,Online Shop,Selective Contract,Yes,Yes,Single,0
CUST_0378,G82U8,Pixel 8,Google,2022-11-16,2023-04-21,36,850000,5G,Android 14,256,76.7,6.8,12,A17 Pro,48,No,Fingerprint,0,50.52,08:00,56,2,18.86,Finance,3,4,28,Online Shop,Device Subsidy,Yes,Yes,Single,2
CUST_0379,A3106,iPhone 15 Pro,Apple,2023-03-05,2023-07-26,33,1550000,5G,iOS 17,128,79.8,6.7,8,A17 Pro,108,Yes,Fingerprint,129166,95.09,21:00,11,5,11.04,SNS,2,6,41,Direct Store,Selective Contract,Yes,No,Single,4
CUST_0380,G82U8,Pixel 8,Google,2025-03-23,2025-05-28,11,850000,5G,Android 14,128,90.6,6.7,8,A17 Pro,48,No,Face ID,460416,23.33,23:00,70,1,10.67,SNS,0,3,24,Direct Store,Selective Contract,No,No,Family,0
CUST_0381,G82U8,Pixel 8,Google,2023-02-11,2023-09-13,31,850000,5G,Android 14,128,79.4,6.1,12,A17 Pro,48,Yes,Both,118055,71.19,06:00,60,3,13.69,Shopping,0,3,32,Agency,Selective Contract,No,No,Internet+TV,2
CUST_0382,A3102,iPhone 15,Apple,2025-10-19,2026-01-08,3,1250000,5G,iOS 17,256,98.8,6.8,8,A17 Pro,108,No,Fingerprint,1093750,88.52,09:00,44,4,2.38,SNS,0,9,25,Direct Store,Device Subsidy,Yes,No,Single,2
CUST_0383,SM-A546,Galaxy A54,Samsung,2024-06-04,2024-09-19,19,590000,5G,Android 14,128,85.6,6.7,12,Snapdragon Gen 3,48,No,Both,278611,65.1,04:00,62,4,5.9,Game,0,6,25,Agency,Selective Contract,Yes,No,Single,4
CUST_0384,SM-A546,Galaxy A54,Samsung,2023-09-05,2024-08-04,20,590000,5G,Android 14,512,90.2,6.1,12,Snapdragon Gen 3,108,Yes,Both,98333,82.6,20:00,60,1,8.92,Finance,3,6,22,Direct Store,Device Subsidy,No,Yes,Family,1
CUST_0385,A3102,iPhone 15,Apple,2022-08-17,2023-04-25,36,1250000,5G,iOS 17,256,79.3,6.1,8,A17 Pro,50,Yes,Fingerprint,0,34.47,02:00,64,1,9.1,Finance,3,2,41,Agency,Device Subsidy,Yes,Yes,Family,3
CUST_0386,SM-S921,Galaxy S24,Samsung,2025-09-29,2026-03-25,1,1150000,5G,Android 14,128,97.2,6.8,16,Snapdragon Gen 3,48,Yes,Fingerprint,1102083,30.43,17:00,53,5,1.7,SNS,3,10,46,Direct Store,Device Subsidy,No,No,Family,1
CUST_0387,A3102,iPhone 15,Apple,2022-10-09,2023-09-28,31,1250000,5G,iOS 17,512,82.2,6.1,6,A17 Pro,108,Yes,Both,0,7.01,13:00,28,0,18.24,Game,1,7,30,Online Shop,Selective Contract,No,Yes,Internet+TV,3
CUST_0388,SM-S928,Galaxy S24 Ultra,Samsung,2024-11-13,2025-01-08,15,1690000,5G,Android 14,256,88.6,6.8,12,Snapdragon Gen 3,48,No,Fingerprint,985833,38.94,01:00,87,1,3.56,Shopping,2,10,23,Agency,Selective Contract,Yes,No,Internet+TV,2
CUST_0389,23127PN0CG,Xiaomi 14,Xiaomi,2024-04-19,2024-12-30,16,900000,5G,Android 14,512,93.0,6.1,16,A17 Pro,50,No,Fingerprint,300000,79.94,12:00,67,5,15.94,Business,0,2,36,Direct Store,Selective Contract,Yes,Yes,Family,1
CUST_0390,A3106,iPhone 15 Pro,Apple,2023-11-04,2024-04-15,24,1550000,5G,iOS 17,1024,85.1,6.8,8,A17 Pro,50,Yes,Face ID,516666,62.17,13:00,80,3,10.77,Business,1,7,20,Agency,Selective Contract,Yes,Yes,Single,2
CUST_0391,SM-S921,Galaxy S24,Samsung,2025-09-21,2026-03-25,1,1150000,5G,Android 14,1024,102.1,6.7,12,Snapdragon Gen 3,50,No,Face ID,1102083,10.66,04:00,80,3,4.85,SNS,0,3,21,Agency,Device Subsidy,No,Yes,Internet+TV,3
CUST_0392,23127PN0CG,Xiaomi 14,Xiaomi,2025-03-23,2026-02-25,2,900000,5G,Android 14,128,98.7,6.7,8,A17 Pro,48,Yes,Fingerprint,825000,7.87,00:00,82,3,2.99,SNS,3,3,41,Agency,Selective Contract,No,No,Internet+TV,2
CUST_0393,G82U8,Pixel 8,Google,2024-03-18,2024-05-13,23,850000,5G,Android 14,256,83.6,6.1,16,A17 Pro,50,Yes,Face ID,35416,62.4,13:00,68,4,14.23,Video,2,4,31,Online Shop,Selective Contract,Yes,No,Single,1
CUST_0394,G82U8,Pixel 8,Google,2024-08-04,2025-02-20,14,850000,5G,Android 14,256,93.5,6.7,12,A17 Pro,108,No,Face ID,354166,82.57,05:00,16,2,12.93,SNS,2,2,21,Online Shop,Selective Contract,No,Yes,Single,2
CUST_0395,A2894,iPhone 14,Apple,2025-03-22,2025-04-24,12,1000000,5G,iOS 17,256,93.4,6.1,6,A17 Pro,50,No,Fingerprint,666666,22.84,18:00,82,0,11.27,Business,0,1,28,Online Shop,Selective Contract,Yes,No,Family,3
CUST_0396,A3106,iPhone 15 Pro,Apple,2023-08-18,2024-02-16,26,1550000,5G,iOS 17,256,85.6,6.8,6,A17 Pro,50,Yes,Both,0,36.48,12:00,71,4,17.38,Game,2,3,22,Agency,Selective Contract,Yes,Yes,Internet+TV,1
CUST_0397,A2894,iPhone 14,Apple,2025-01-11,2025-04-03,12,1000000,5G,iOS 17,512,92.5,6.7,8,A17 Pro,48,No,Fingerprint,500000,37.21,06:00,88,4,1.5,SNS,3,2,43,Online Shop,Device Subsidy,No,Yes,Family,0
CUST_0398,G82U8,Pixel 8,Google,2024-11-13,2025-04-13,12,850000,5G,Android 14,256,90.2,6.1,8,A17 Pro,200,No,Face ID,566666,38.57,08:00,66,5,18.48,Game,3,1,29,Direct Store,Selective Contract,No,Yes,Family,2
CUST_0399,23127PN0CG,Xiaomi 14,Xiaomi,2025-05-09,2026-04-23,0,900000,5G,Android 14,1024,100.0,6.8,8,A17 Pro,48,Yes,Both,900000,88.35,17:00,11,1,17.06,Video,3,3,36,Direct Store,Device Subsidy,Yes,No,Family,0
CUST_0400,23127PN0CG,Xiaomi 14,Xiaomi,2023-03-12,2024-02-03,26,900000,5G,Android 14,1024,82.1,6.7,12,A17 Pro,50,No,Face ID,0,74.52,02:00,50,2,19.93,Business,1,8,21,Direct Store,Selective Contract,Yes,Yes,Family,1
CUST_0401,A3106,iPhone 15 Pro,Apple,2022-08-20,2022-09-05,43,1550000,5G,iOS 17,1024,75.0,6.7,6,A17 Pro,48,Yes,Fingerprint,0,80.01,21:00,64,2,5.04,SNS,0,3,20,Direct Store,Selective Contract,Yes,No,Internet+TV,3
CUST_0402,G82U8,Pixel 8,Google,2024-05-13,2024-08-15,20,850000,5G,Android 14,128,85.6,6.7,8,A17 Pro,50,No,Face ID,377777,37.49,15:00,70,4,13.78,SNS,3,6,47,Agency,Selective Contract,Yes,Yes,Single,4
CUST_0403,A3106,iPhone 15 Pro,Apple,2024-01-17,2024-01-24,27,1550000,5G,iOS 17,256,86.2,6.7,6,A17 Pro,200,No,Both,0,52.45,23:00,10,3,18.87,SNS,3,10,21,Online Shop,Device Subsidy,Yes,No,Internet+TV,4
CUST_0404,A2894,iPhone 14,Apple,2023-09-14,2024-01-02,27,1000000,5G,iOS 17,512,82.1,6.8,6,A17 Pro,108,No,Fingerprint,0,97.32,09:00,49,4,16.38,Game,3,8,31,Direct Store,Selective Contract,No,No,Internet+TV,2
CUST_0405,SM-S921,Galaxy S24,Samsung,2023-04-01,2023-11-06,29,1150000,5G,Android 14,512,80.7,6.7,12,Snapdragon Gen 3,200,No,Both,0,56.56,19:00,22,0,16.12,Game,0,1,37,Direct Store,Device Subsidy,No,Yes,Internet+TV,3
CUST_0406,SM-A546,Galaxy A54,Samsung,2024-03-12,2024-10-13,18,590000,5G,Android 14,256,87.5,6.1,8,Snapdragon Gen 3,200,Yes,Face ID,295000,57.4,14:00,62,5,14.08,Finance,3,1,48,Direct Store,Device Subsidy,No,No,Internet+TV,2
CUST_0407,23127PN0CG,Xiaomi 14,Xiaomi,2024-06-19,2024-06-21,22,900000,5G,Android 14,1024,84.0,6.7,16,A17 Pro,108,No,Fingerprint,75000,19.57,18:00,65,1,11.11,Business,1,10,38,Direct Store,Device Subsidy,No,Yes,Internet+TV,3
CUST_0408,A3106,iPhone 15 Pro,Apple,2024-01-14,2024-10-04,18,1550000,5G,iOS 17,256,88.8,6.1,6,A17 Pro,200,No,Both,387500,72.45,05:00,51,1,1.87,Game,3,1,38,Agency,Device Subsidy,Yes,Yes,Internet+TV,3
CUST_0409,SM-A546,Galaxy A54,Samsung,2025-02-01,2025-09-21,7,590000,5G,Android 14,512,93.9,6.8,8,Snapdragon Gen 3,200,No,Both,417916,33.21,01:00,45,0,18.7,Finance,0,10,45,Online Shop,Device Subsidy,No,Yes,Single,1
CUST_0410,23127PN0CG,Xiaomi 14,Xiaomi,2024-10-22,2024-12-08,16,900000,5G,Android 14,128,90.4,6.1,12,A17 Pro,48,No,Fingerprint,500000,91.71,13:00,19,3,19.18,Game,1,7,30,Direct Store,Selective Contract,Yes,Yes,Family,0
CUST_0411,A2894,iPhone 14,Apple,2022-08-22,2023-07-11,33,1000000,5G,iOS 17,128,77.9,6.7,6,A17 Pro,50,No,Fingerprint,83333,99.41,06:00,87,0,10.72,Shopping,1,4,45,Direct Store,Device Subsidy,Yes,Yes,Family,1
CUST_0412,A3102,iPhone 15,Apple,2025-02-09,2025-06-26,10,1250000,5G,iOS 17,512,93.9,6.8,8,A17 Pro,200,No,Face ID,729166,38.11,16:00,61,1,5.0,SNS,2,7,21,Agency,Selective Contract,Yes,Yes,Internet+TV,3
CUST_0413,G82U8,Pixel 8,Google,2023-06-12,2024-04-12,24,850000,5G,Android 14,512,87.5,6.7,8,A17 Pro,108,No,Both,0,62.69,02:00,67,1,17.79,Shopping,2,10,31,Direct Store,Selective Contract,No,Yes,Single,1
CUST_0414,23127PN0CG,Xiaomi 14,Xiaomi,2024-10-11,2025-04-12,12,900000,5G,Android 14,256,90.2,6.7,8,A17 Pro,48,No,Both,600000,40.34,00:00,52,1,9.31,Video,1,9,20,Direct Store,Selective Contract,Yes,Yes,Single,4
CUST_0415,23127PN0CG,Xiaomi 14,Xiaomi,2022-08-08,2023-07-04,33,900000,5G,Android 14,1024,81.3,6.7,8,A17 Pro,50,Yes,Face ID,75000,35.19,15:00,15,2,8.42,Game,3,3,37,Direct Store,Selective Contract,Yes,Yes,Family,0
CUST_0416,SM-S928,Galaxy S24 Ultra,Samsung,2024-03-23,2024-05-29,23,1690000,5G,Android 14,1024,83.4,6.1,8,Snapdragon Gen 3,200,Yes,Face ID,70416,37.05,23:00,48,2,6.34,Video,3,2,35,Direct Store,Selective Contract,Yes,No,Family,3
CUST_0417,G82U8,Pixel 8,Google,2023-09-22,2024-08-03,20,850000,5G,Android 14,128,85.2,6.1,8,A17 Pro,108,No,Fingerprint,141666,83.42,05:00,21,1,14.48,Video,0,1,26,Online Shop,Device Subsidy,Yes,No,Single,2
CUST_0418,23127PN0CG,Xiaomi 14,Xiaomi,2024-04-22,2025-04-14,12,900000,5G,Android 14,256,95.3,6.7,8,A17 Pro,200,No,Both,600000,16.39,03:00,76,4,4.81,Business,3,5,28,Agency,Selective Contract,Yes,Yes,Family,2
CUST_0419,SM-S928,Galaxy S24 Ultra,Samsung,2022-09-09,2023-01-11,39,1690000,5G,Android 14,256,77.8,6.1,8,Snapdragon Gen 3,48,Yes,Face ID,0,97.32,12:00,34,3,2.09,SNS,2,5,40,Direct Store,Device Subsidy,Yes,Yes,Single,2
CUST_0420,G82U8,Pixel 8,Google,2022-05-05,2023-01-22,39,850000,5G,Android 14,256,78.3,6.7,8,A17 Pro,108,Yes,Fingerprint,0,11.52,14:00,23,5,2.2,Game,3,3,26,Online Shop,Selective Contract,No,No,Family,0
CUST_0421,SM-S928,Galaxy S24 Ultra,Samsung,2023-05-27,2023-09-12,31,1690000,5G,Android 14,256,80.8,6.1,12,Snapdragon Gen 3,108,No,Fingerprint,234722,53.25,01:00,58,5,18.56,SNS,2,4,30,Online Shop,Selective Contract,No,No,Single,0
CUST_0422,A3102,iPhone 15,Apple,2024-08-03,2024-09-30,19,1250000,5G,iOS 17,128,91.0,6.8,6,A17 Pro,108,Yes,Both,590277,27.68,22:00,61,3,7.86,SNS,2,8,24,Online Shop,Device Subsidy,No,No,Internet+TV,4
CUST_0423,23127PN0CG,Xiaomi 14,Xiaomi,2025-04-16,2025-07-19,9,900000,5G,Android 14,1024,96.0,6.8,8,A17 Pro,50,Yes,Face ID,562500,21.17,14:00,28,0,13.32,Business,2,1,23,Direct Store,Device Subsidy,Yes,Yes,Internet+TV,2
CUST_0424,G82U8,Pixel 8,Google,2023-01-30,2023-06-05,34,850000,5G,Android 14,1024,77.3,6.7,8,A17 Pro,50,Yes,Fingerprint,0,58.89,03:00,48,5,6.71,Business,2,9,26,Agency,Selective Contract,No,No,Family,0
CUST_0425,23127PN0CG,Xiaomi 14,Xiaomi,2023-12-13,2024-09-03,19,900000,5G,Android 14,1024,86.3,6.7,8,A17 Pro,50,No,Face ID,187500,19.05,00:00,41,4,14.82,Business,2,4,41,Online Shop,Device Subsidy,No,Yes,Family,4
CUST_0426,G82U8,Pixel 8,Google,2024-05-01,2025-04-13,12,850000,5G,Android 14,512,95.1,6.7,12,A17 Pro,50,Yes,Both,566666,60.97,16:00,53,4,2.46,Business,2,5,21,Online Shop,Selective Contract,Yes,No,Internet+TV,1
CUST_0427,23127PN0CG,Xiaomi 14,Xiaomi,2024-02-13,2024-10-19,18,900000,5G,Android 14,512,86.6,6.1,8,A17 Pro,108,Yes,Fingerprint,450000,6.48,15:00,49,0,8.61,Finance,0,1,26,Online Shop,Selective Contract,No,Yes,Single,2
CUST_0428,A2894,iPhone 14,Apple,2024-09-19,2025-04-28,12,1000000,5G,iOS 17,128,91.5,6.7,6,A17 Pro,200,No,Face ID,500000,49.95,03:00,43,2,11.94,SNS,3,6,43,Agency,Device Subsidy,Yes,No,Single,3
CUST_0429,A3106,iPhone 15 Pro,Apple,2024-02-10,2024-03-24,25,1550000,5G,iOS 17,512,85.4,6.7,8,A17 Pro,48,Yes,Both,473611,56.85,14:00,50,4,18.7,Finance,2,8,29,Direct Store,Selective Contract,No,No,Family,0
CUST_0430,SM-S928,Galaxy S24 Ultra,Samsung,2025-04-28,2025-07-08,9,1690000,5G,Android 14,512,96.3,6.8,16,Snapdragon Gen 3,108,Yes,Face ID,1267500,17.09,04:00,61,5,0.12,Shopping,3,1,20,Online Shop,Selective Contract,Yes,No,Internet+TV,0
CUST_0431,23127PN0CG,Xiaomi 14,Xiaomi,2023-12-18,2024-01-18,27,900000,5G,Android 14,128,85.2,6.8,8,A17 Pro,200,Yes,Fingerprint,0,71.65,21:00,29,2,12.56,Finance,0,8,37,Agency,Device Subsidy,Yes,Yes,Single,1
CUST_0432,SM-A546,Galaxy A54,Samsung,2025-04-11,2025-08-15,8,590000,5G,Android 14,256,92.8,6.7,12,Snapdragon Gen 3,48,Yes,Face ID,393333,84.11,12:00,71,1,16.41,Shopping,2,10,39,Direct Store,Device Subsidy,No,Yes,Internet+TV,0
CUST_0433,A3102,iPhone 15,Apple,2024-06-21,2024-09-16,19,1250000,5G,iOS 17,256,88.5,6.1,8,A17 Pro,108,No,Face ID,590277,32.5,12:00,23,3,8.34,Business,1,1,27,Direct Store,Device Subsidy,No,Yes,Internet+TV,2
CUST_0434,SM-A546,Galaxy A54,Samsung,2022-05-06,2022-12-19,40,590000,5G,Android 14,128,78.4,6.7,16,Snapdragon Gen 3,200,No,Fingerprint,0,96.47,05:00,55,4,17.12,Shopping,1,6,46,Agency,Selective Contract,Yes,Yes,Internet+TV,1
CUST_0435,23127PN0CG,Xiaomi 14,Xiaomi,2023-03-30,2023-06-09,34,900000,5G,Android 14,512,81.3,6.1,16,A17 Pro,200,No,Face ID,50000,92.73,19:00,33,4,14.17,Shopping,2,3,40,Direct Store,Selective Contract,No,Yes,Single,0
CUST_0436,A3102,iPhone 15,Apple,2025-04-12,2026-03-18,1,1250000,5G,iOS 17,128,99.4,6.1,6,A17 Pro,48,Yes,Both,1215277,35.75,12:00,63,0,1.24,Video,0,1,45,Agency,Device Subsidy,No,No,Internet+TV,0
CUST_0437,A3106,iPhone 15 Pro,Apple,2025-03-20,2026-03-12,1,1550000,5G,iOS 17,1024,98.7,6.7,8,A17 Pro,108,Yes,Fingerprint,1485416,23.59,23:00,30,3,16.28,SNS,0,10,18,Agency,Device Subsidy,Yes,Yes,Single,0
CUST_0438,23127PN0CG,Xiaomi 14,Xiaomi,2022-08-20,2023-05-26,35,900000,5G,Android 14,128,78.0,6.1,16,A17 Pro,200,No,Face ID,25000,23.06,19:00,81,1,16.03,Business,3,7,45,Online Shop,Device Subsidy,Yes,No,Single,0
CUST_0439,G82U8,Pixel 8,Google,2025-07-13,2026-04-06,0,850000,5G,Android 14,512,97.1,6.7,12,A17 Pro,108,Yes,Fingerprint,850000,92.62,09:00,19,4,11.51,Shopping,2,7,37,Online Shop,Device Subsidy,No,No,Internet+TV,0
CUST_0440,SM-S928,Galaxy S24 Ultra,Samsung,2023-06-16,2023-10-27,30,1690000,5G,Android 14,256,81.0,6.8,16,Snapdragon Gen 3,108,Yes,Fingerprint,0,18.23,15:00,19,4,18.09,Finance,0,6,20,Direct Store,Device Subsidy,No,Yes,Family,0
CUST_0441,SM-S921,Galaxy S24,Samsung,2023-01-13,2023-09-29,31,1150000,5G,Android 14,256,82.3,6.1,8,Snapdragon Gen 3,48,Yes,Fingerprint,159722,50.37,17:00,87,3,13.64,Finance,0,9,33,Online Shop,Selective Contract,No,Yes,Family,3
CUST_0442,A3102,iPhone 15,Apple,2023-05-14,2023-07-13,33,1250000,5G,iOS 17,512,79.3,6.1,6,A17 Pro,50,Yes,Both,104166,46.47,00:00,39,3,14.95,Shopping,0,1,45,Agency,Device Subsidy,Yes,Yes,Single,1
CUST_0443,G82U8,Pixel 8,Google,2024-03-27,2024-04-18,24,850000,5G,Android 14,512,84.7,6.1,16,A17 Pro,200,No,Both,0,99.82,03:00,19,0,5.0,Shopping,1,8,40,Agency,Selective Contract,Yes,No,Internet+TV,2
CUST_0444,23127PN0CG,Xiaomi 14,Xiaomi,2024-06-13,2025-03-09,13,900000,5G,Android 14,512,91.1,6.7,16,A17 Pro,200,No,Fingerprint,412500,10.13,06:00,27,4,4.61,Finance,1,2,29,Agency,Device Subsidy,Yes,Yes,Internet+TV,3
CUST_0445,G82U8,Pixel 8,Google,2025-09-13,2026-03-28,1,850000,5G,Android 14,128,98.0,6.1,8,A17 Pro,108,No,Face ID,826388,33.54,00:00,58,3,8.88,SNS,1,7,23,Agency,Selective Contract,Yes,No,Single,4
CUST_0446,23127PN0CG,Xiaomi 14,Xiaomi,2022-05-29,2022-11-17,41,900000,5G,Android 14,512,77.3,6.7,16,A17 Pro,200,No,Both,0,76.94,23:00,17,0,11.07,Finance,2,9,32,Direct Store,Selective Contract,Yes,No,Family,1
CUST_0447,A3102,iPhone 15,Apple,2024-03-31,2025-03-15,13,1250000,5G,iOS 17,512,89.7,6.7,8,A17 Pro,200,Yes,Both,572916,78.28,08:00,56,2,13.18,Finance,0,2,27,Agency,Selective Contract,No,Yes,Family,3
CUST_0448,SM-S928,Galaxy S24 Ultra,Samsung,2025-10-08,2026-04-22,0,1690000,5G,Android 14,512,99.9,6.8,8,Snapdragon Gen 3,108,No,Fingerprint,1690000,43.82,14:00,33,2,15.32,Video,2,8,22,Online Shop,Device Subsidy,Yes,Yes,Single,0
CUST_0449,SM-S921,Galaxy S24,Samsung,2022-12-24,2023-08-06,32,1150000,5G,Android 14,512,78.1,6.8,12,Snapdragon Gen 3,108,Yes,Both,0,10.78,11:00,79,5,0.89,SNS,2,2,20,Agency,Selective Contract,Yes,Yes,Single,1
CUST_0450,23127PN0CG,Xiaomi 14,Xiaomi,2023-06-28,2023-08-03,32,900000,5G,Android 14,1024,83.1,6.8,12,A17 Pro,108,No,Both,0,7.35,11:00,70,2,12.44,SNS,2,1,27,Online Shop,Device Subsidy,Yes,Yes,Family,4
CUST_0451,23127PN0CG,Xiaomi 14,Xiaomi,2023-09-12,2024-07-06,21,900000,5G,Android 14,128,88.3,6.8,8,A17 Pro,48,Yes,Both,112500,41.2,16:00,83,5,10.96,Business,0,9,43,Online Shop,Selective Contract,No,No,Family,1
CUST_0452,23127PN0CG,Xiaomi 14,Xiaomi,2023-12-23,2024-04-25,24,900000,5G,Android 14,512,84.0,6.1,16,A17 Pro,50,No,Both,300000,76.08,13:00,56,0,7.04,Shopping,0,6,38,Direct Store,Device Subsidy,No,No,Single,4
CUST_0453,A2894,iPhone 14,Apple,2024-06-12,2025-01-06,15,1000000,5G,iOS 17,256,91.6,6.1,6,A17 Pro,200,No,Both,583333,37.45,04:00,83,3,12.65,SNS,1,8,18,Online Shop,Device Subsidy,No,No,Internet+TV,3
CUST_0454,SM-S921,Galaxy S24,Samsung,2025-08-18,2026-03-26,1,1150000,5G,Android 14,128,100.5,6.8,12,Snapdragon Gen 3,200,No,Fingerprint,1102083,17.58,12:00,81,1,14.24,Game,2,6,36,Agency,Device Subsidy,Yes,Yes,Internet+TV,2
CUST_0455,G82U8,Pixel 8,Google,2023-04-19,2023-11-28,29,850000,5G,Android 14,512,84.1,6.8,16,A17 Pro,48,Yes,Fingerprint,0,74.68,18:00,85,2,13.48,Business,3,6,32,Online Shop,Selective Contract,Yes,Yes,Family,3
CUST_0456,23127PN0CG,Xiaomi 14,Xiaomi,2022-08-28,2023-05-20,35,900000,5G,Android 14,1024,77.7,6.1,8,A17 Pro,48,Yes,Face ID,25000,35.26,16:00,45,4,17.59,Video,0,6,27,Online Shop,Device Subsidy,No,No,Family,3
CUST_0457,A3102,iPhone 15,Apple,2024-03-15,2024-07-25,21,1250000,5G,iOS 17,128,89.9,6.1,6,A17 Pro,48,Yes,Both,520833,18.4,17:00,34,0,9.77,Game,2,4,27,Agency,Selective Contract,No,Yes,Family,2
CUST_0458,SM-A546,Galaxy A54,Samsung,2025-02-23,2025-10-08,6,590000,5G,Android 14,1024,96.4,6.7,16,Snapdragon Gen 3,48,No,Fingerprint,442500,87.13,23:00,38,5,1.49,SNS,2,5,32,Agency,Device Subsidy,No,Yes,Family,0
CUST_0459,23127PN0CG,Xiaomi 14,Xiaomi,2022-09-09,2023-08-13,32,900000,5G,Android 14,128,83.5,6.8,12,A17 Pro,50,Yes,Face ID,0,28.36,15:00,29,3,16.28,Finance,3,5,22,Online Shop,Device Subsidy,Yes,Yes,Family,0
CUST_0460,G82U8,Pixel 8,Google,2024-10-27,2024-11-15,17,850000,5G,Android 14,1024,90.9,6.1,16,A17 Pro,108,No,Both,448611,64.95,21:00,33,2,16.81,Video,3,8,43,Agency,Selective Contract,No,No,Family,0
CUST_0461,A3102,iPhone 15,Apple,2024-03-17,2024-10-17,18,1250000,5G,iOS 17,1024,88.2,6.7,8,A17 Pro,48,No,Both,625000,16.0,12:00,26,3,16.8,Business,3,4,18,Direct Store,Selective Contract,Yes,No,Single,4
CUST_0462,23127PN0CG,Xiaomi 14,Xiaomi,2024-01-15,2024-08-12,20,900000,5G,Android 14,1024,89.9,6.1,12,A17 Pro,200,Yes,Face ID,400000,42.87,20:00,15,2,8.95,SNS,1,9,24,Agency,Device Subsidy,No,Yes,Internet+TV,4
CUST_0463,SM-A546,Galaxy A54,Samsung,2025-09-13,2026-03-26,1,590000,5G,Android 14,128,101.1,6.8,8,Snapdragon Gen 3,48,Yes,Face ID,573611,91.66,17:00,35,1,16.76,Business,1,5,43,Online Shop,Selective Contract,No,No,Single,4
CUST_0464,A3102,iPhone 15,Apple,2025-08-14,2025-08-24,8,1250000,5G,iOS 17,128,95.2,6.7,8,A17 Pro,48,Yes,Both,972222,9.02,22:00,41,0,5.45,Game,3,7,22,Agency,Selective Contract,Yes,Yes,Single,4
CUST_0465,G82U8,Pixel 8,Google,2025-09-26,2026-04-04,0,850000,5G,Android 14,256,97.6,6.8,12,A17 Pro,108,No,Both,850000,23.46,23:00,12,2,5.48,SNS,0,5,38,Agency,Selective Contract,No,No,Family,0
CUST_0466,A3106,iPhone 15 Pro,Apple,2022-09-04,2023-01-24,39,1550000,5G,iOS 17,1024,75.3,6.7,8,A17 Pro,108,Yes,Face ID,0,41.33,07:00,83,0,7.95,SNS,3,6,33,Agency,Device Subsidy,No,No,Single,0
CUST_0467,SM-A546,Galaxy A54,Samsung,2024-11-14,2025-02-28,14,590000,5G,Android 14,1024,92.2,6.8,12,Snapdragon Gen 3,50,Yes,Face ID,245833,18.43,08:00,62,2,14.81,SNS,0,6,40,Agency,Selective Contract,Yes,No,Internet+TV,1
CUST_0468,G82U8,Pixel 8,Google,2024-01-24,2024-12-22,16,850000,5G,Android 14,256,89.3,6.8,16,A17 Pro,48,Yes,Face ID,472222,53.87,22:00,19,3,2.55,Game,1,9,41,Online Shop,Device Subsidy,Yes,No,Single,0
CUST_0469,G82U8,Pixel 8,Google,2024-11-11,2025-09-27,7,850000,5G,Android 14,1024,93.6,6.7,8,A17 Pro,200,No,Both,684722,42.94,21:00,44,4,6.45,Video,1,3,27,Agency,Device Subsidy,No,No,Family,3
CUST_0470,A3106,iPhone 15 Pro,Apple,2025-01-22,2025-04-16,12,1550000,5G,iOS 17,1024,89.9,6.7,6,A17 Pro,48,No,Both,1033333,22.03,06:00,35,5,1.88,Business,2,2,19,Agency,Selective Contract,Yes,Yes,Family,4
CUST_0471,A3106,iPhone 15 Pro,Apple,2025-09-28,2026-01-04,3,1550000,5G,iOS 17,512,96.9,6.7,8,A17 Pro,200,No,Both,1420833,60.52,17:00,35,0,11.85,Game,1,5,23,Direct Store,Device Subsidy,Yes,No,Family,4
CUST_0472,23127PN0CG,Xiaomi 14,Xiaomi,2024-08-24,2024-11-18,17,900000,5G,Android 14,128,91.5,6.8,8,A17 Pro,50,Yes,Face ID,262499,13.68,00:00,51,0,17.92,Game,1,9,43,Direct Store,Selective Contract,No,No,Family,4
CUST_0473,SM-S921,Galaxy S24,Samsung,2022-09-05,2023-03-25,37,1150000,5G,Android 14,1024,79.4,6.8,12,Snapdragon Gen 3,48,Yes,Fingerprint,0,38.72,20:00,45,5,2.86,Business,3,8,40,Direct Store,Device Subsidy,No,No,Single,0
CUST_0474,23127PN0CG,Xiaomi 14,Xiaomi,2023-11-18,2024-06-22,22,900000,5G,Android 14,256,87.5,6.1,16,A17 Pro,48,Yes,Face ID,75000,41.33,11:00,77,1,0.11,Video,2,2,47,Direct Store,Selective Contract,Yes,No,Single,2
CUST_0475,G82U8,Pixel 8,Google,2025-07-29,2026-04-01,0,850000,5G,Android 14,512,98.6,6.1,16,A17 Pro,200,No,Face ID,850000,97.26,05:00,70,5,17.5,Shopping,0,1,29,Online Shop,Device Subsidy,Yes,Yes,Single,3
CUST_0476,SM-S921,Galaxy S24,Samsung,2023-05-02,2024-03-23,25,1150000,5G,Android 14,128,83.9,6.1,16,Snapdragon Gen 3,48,No,Both,351388,98.42,10:00,31,4,14.44,Video,0,7,31,Agency,Device Subsidy,Yes,Yes,Internet+TV,1
CUST_0477,23127PN0CG,Xiaomi 14,Xiaomi,2024-11-07,2025-06-22,10,900000,5G,Android 14,128,92.7,6.7,8,A17 Pro,48,No,Face ID,524999,70.43,17:00,54,0,6.83,Shopping,0,10,47,Direct Store,Device Subsidy,Yes,Yes,Single,0
CUST_0478,A3106,iPhone 15 Pro,Apple,2022-07-04,2023-05-20,35,1550000,5G,iOS 17,128,80.6,6.7,8,A17 Pro,48,Yes,Face ID,0,25.66,21:00,34,5,15.12,SNS,2,1,30,Agency,Selective Contract,Yes,No,Single,4
CUST_0479,23127PN0CG,Xiaomi 14,Xiaomi,2024-07-21,2024-10-25,18,900000,5G,Android 14,512,91.5,6.7,16,A17 Pro,200,No,Fingerprint,225000,98.03,15:00,55,4,7.27,Finance,3,3,19,Agency,Selective Contract,Yes,Yes,Internet+TV,3
CUST_0480,23127PN0CG,Xiaomi 14,Xiaomi,2024-08-28,2025-02-19,14,900000,5G,Android 14,512,89.1,6.7,12,A17 Pro,48,Yes,Both,374999,29.53,21:00,90,1,9.5,Business,2,6,36,Direct Store,Device Subsidy,No,Yes,Internet+TV,2
CUST_0481,SM-S921,Galaxy S24,Samsung,2023-06-16,2024-02-14,26,1150000,5G,Android 14,512,83.4,6.7,12,Snapdragon Gen 3,50,No,Both,0,22.78,05:00,12,3,16.18,Business,3,7,33,Online Shop,Selective Contract,No,No,Family,3
CUST_0482,23127PN0CG,Xiaomi 14,Xiaomi,2024-07-04,2025-03-20,13,900000,5G,Android 14,128,91.7,6.7,16,A17 Pro,48,Yes,Both,575000,95.63,05:00,48,4,19.3,Shopping,1,10,42,Online Shop,Device Subsidy,No,Yes,Single,2
CUST_0483,A3106,iPhone 15 Pro,Apple,2023-04-01,2023-10-20,30,1550000,5G,iOS 17,256,81.8,6.1,8,A17 Pro,108,Yes,Fingerprint,0,24.04,07:00,36,3,1.8,SNS,1,9,45,Direct Store,Device Subsidy,No,Yes,Family,0
CUST_0484,G82U8,Pixel 8,Google,2024-08-17,2025-04-15,12,850000,5G,Android 14,1024,94.8,6.1,12,A17 Pro,50,No,Fingerprint,425000,77.49,12:00,51,2,16.4,Finance,3,10,30,Agency,Device Subsidy,No,No,Internet+TV,4
CUST_0485,SM-S921,Galaxy S24,Samsung,2022-05-29,2022-08-28,44,1150000,5G,Android 14,256,75.0,6.1,16,Snapdragon Gen 3,200,Yes,Both,0,52.64,07:00,27,3,3.76,SNS,2,7,20,Direct Store,Selective Contract,Yes,No,Single,2
CUST_0486,23127PN0CG,Xiaomi 14,Xiaomi,2023-02-15,2023-03-04,37,900000,5G,Android 14,512,80.6,6.7,16,A17 Pro,48,No,Fingerprint,0,22.05,11:00,22,5,17.25,Game,1,6,22,Agency,Selective Contract,No,Yes,Family,3
CUST_0487,G82U8,Pixel 8,Google,2024-02-14,2024-09-18,19,850000,5G,Android 14,512,90.1,6.7,16,A17 Pro,108,No,Both,177083,62.35,10:00,78,2,2.23,SNS,3,9,42,Direct Store,Device Subsidy,Yes,Yes,Family,4
CUST_0488,23127PN0CG,Xiaomi 14,Xiaomi,2022-12-07,2023-10-17,30,900000,5G,Android 14,1024,81.6,6.1,12,A17 Pro,200,No,Fingerprint,149999,31.76,19:00,57,2,8.51,Finance,2,1,35,Direct Store,Device Subsidy,No,No,Family,0
CUST_0489,G82U8,Pixel 8,Google,2024-02-25,2025-01-15,15,850000,5G,Android 14,128,91.6,6.8,16,A17 Pro,200,Yes,Fingerprint,495833,74.53,02:00,78,0,2.52,SNS,3,7,46,Direct Store,Selective Contract,No,Yes,Internet+TV,4
CUST_0490,G82U8,Pixel 8,Google,2025-05-23,2025-11-06,5,850000,5G,Android 14,512,94.2,6.8,8,A17 Pro,108,No,Face ID,672916,41.28,12:00,12,1,19.01,Video,0,7,48,Online Shop,Device Subsidy,No,No,Internet+TV,4
CUST_0491,A2894,iPhone 14,Apple,2025-07-18,2026-01-25,3,1000000,5G,iOS 17,1024,96.5,6.8,6,A17 Pro,108,Yes,Both,916666,31.1,12:00,33,5,5.7,Game,3,4,18,Direct Store,Device Subsidy,No,No,Family,4
CUST_0492,23127PN0CG,Xiaomi 14,Xiaomi,2024-07-30,2024-11-22,17,900000,5G,Android 14,128,91.1,6.7,16,A17 Pro,200,No,Both,262499,11.05,19:00,52,4,7.78,Shopping,0,6,28,Direct Store,Selective Contract,No,Yes,Family,3
CUST_0493,A2894,iPhone 14,Apple,2024-11-12,2025-10-22,6,1000000,5G,iOS 17,1024,94.9,6.8,6,A17 Pro,200,No,Fingerprint,750000,67.77,06:00,77,2,6.08,Video,3,8,18,Online Shop,Device Subsidy,No,No,Family,0
CUST_0494,23127PN0CG,Xiaomi 14,Xiaomi,2024-07-03,2025-01-11,15,900000,5G,Android 14,256,90.3,6.1,8,A17 Pro,48,No,Fingerprint,337500,14.21,05:00,61,4,8.17,SNS,3,10,26,Direct Store,Selective Contract,Yes,No,Internet+TV,4
CUST_0495,G82U8,Pixel 8,Google,2023-07-22,2024-03-31,25,850000,5G,Android 14,1024,83.7,6.1,12,A17 Pro,108,Yes,Both,259722,19.91,10:00,69,5,3.45,Game,3,10,38,Direct Store,Selective Contract,No,Yes,Internet+TV,0
CUST_0496,A3102,iPhone 15,Apple,2022-05-27,2023-04-09,36,1250000,5G,iOS 17,128,79.0,6.7,6,A17 Pro,50,No,Both,0,94.82,02:00,57,0,14.86,Finance,3,9,34,Online Shop,Device Subsidy,No,No,Internet+TV,1
CUST_0497,A3106,iPhone 15 Pro,Apple,2024-09-12,2025-02-24,14,1550000,5G,iOS 17,256,90.4,6.7,8,A17 Pro,50,No,Fingerprint,645833,24.67,05:00,69,4,12.83,Shopping,2,3,25,Direct Store,Device Subsidy,Yes,Yes,Internet+TV,3
CUST_0498,G82U8,Pixel 8,Google,2025-06-04,2026-01-03,3,850000,5G,Android 14,512,100.5,6.8,16,A17 Pro,48,No,Face ID,743750,73.0,23:00,17,2,16.23,Finance,0,6,30,Agency,Selective Contract,No,Yes,Single,1
CUST_0499,23127PN0CG,Xiaomi 14,Xiaomi,2024-11-14,2025-05-20,11,900000,5G,Android 14,1024,94.3,6.7,8,A17 Pro,108,Yes,Face ID,487500,91.73,20:00,19,3,17.98,Business,1,5,28,Direct Store,Selective Contract,No,No,Internet+TV,2
CUST_0500,23127PN0CG,Xiaomi 14,Xiaomi,2025-01-13,2025-03-29,13,900000,5G,Android 14,512,89.4,6.8,12,A17 Pro,108,Yes,Both,575000,58.54,20:00,49,3,14.26,Finance,2,3,41,Agency,Device Subsidy,Yes,No,Family,2
CUST_0501,A3102,iPhone 15,Apple,2024-08-19,2025-06-13,10,1250000,5G,iOS 17,512,91.9,6.8,8,A17 Pro,200,Yes,Face ID,729166,29.65,20:00,29,4,17.05,Video,2,7,45,Direct Store,Device Subsidy,No,Yes,Family,3
CUST_0502,SM-A546,Galaxy A54,Samsung,2025-06-16,2025-12-08,4,590000,5G,Android 14,256,96.5,6.8,16,Snapdragon Gen 3,48,Yes,Face ID,491666,19.26,15:00,68,4,18.25,Game,1,4,29,Agency,Device Subsidy,No,Yes,Family,4
CUST_0503,SM-S928,Galaxy S24 Ultra,Samsung,2022-09-19,2023-06-19,34,1690000,5G,Android 14,128,82.4,6.8,8,Snapdragon Gen 3,50,No,Both,0,47.43,05:00,41,1,13.79,Business,1,1,37,Direct Store,Selective Contract,Yes,Yes,Internet+TV,0
CUST_0504,A2894,iPhone 14,Apple,2024-02-14,2024-03-16,25,1000000,5G,iOS 17,256,83.4,6.8,6,A17 Pro,108,Yes,Fingerprint,305555,49.11,15:00,24,3,1.67,SNS,0,9,36,Online Shop,Selective Contract,No,Yes,Internet+TV,3
CUST_0505,SM-A546,Galaxy A54,Samsung,2023-05-04,2024-03-28,25,590000,5G,Android 14,256,85.5,6.7,12,Snapdragon Gen 3,108,No,Both,180277,99.26,05:00,52,4,9.67,Video,2,5,45,Agency,Device Subsidy,No,No,Internet+TV,4
CUST_0506,23127PN0CG,Xiaomi 14,Xiaomi,2025-03-12,2025-06-13,10,900000,5G,Android 14,1024,91.0,6.1,8,A17 Pro,200,No,Fingerprint,650000,52.1,14:00,53,5,13.74,SNS,1,2,42,Online Shop,Device Subsidy,No,No,Family,4
CUST_0507,G82U8,Pixel 8,Google,2024-02-20,2024-12-28,16,850000,5G,Android 14,256,90.8,6.1,12,A17 Pro,50,Yes,Both,283333,35.76,21:00,30,2,19.13,Business,3,5,25,Direct Store,Selective Contract,No,No,Single,2
CUST_0508,23127PN0CG,Xiaomi 14,Xiaomi,2024-01-20,2024-09-06,19,900000,5G,Android 14,512,88.2,6.1,12,A17 Pro,48,No,Face ID,425000,77.46,20:00,27,3,15.34,Game,1,4,39,Agency,Selective Contract,No,No,Single,2
CUST_0509,G82U8,Pixel 8,Google,2023-12-29,2024-10-09,18,850000,5G,Android 14,256,91.0,6.1,8,A17 Pro,50,Yes,Face ID,425000,86.36,23:00,71,5,11.86,Game,3,8,25,Direct Store,Selective Contract,Yes,Yes,Single,2
CUST_0510,23127PN0CG,Xiaomi 14,Xiaomi,2023-05-13,2023-10-05,30,900000,5G,Android 14,128,81.8,6.8,12,A17 Pro,50,Yes,Both,0,35.83,09:00,83,1,11.24,Business,1,6,36,Agency,Selective Contract,No,Yes,Single,0
CUST_0511,23127PN0CG,Xiaomi 14,Xiaomi,2023-04-27,2023-08-14,32,900000,5G,Android 14,256,79.7,6.7,8,A17 Pro,108,No,Both,0,48.78,23:00,12,1,2.38,Business,3,7,43,Direct Store,Device Subsidy,Yes,No,Single,4
CUST_0512,G82U8,Pixel 8,Google,2022-12-29,2023-06-14,34,850000,5G,Android 14,1024,78.3,6.8,8,A17 Pro,48,Yes,Both,47222,65.27,05:00,75,0,11.48,Business,1,2,42,Agency,Selective Contract,No,No,Family,1
CUST_0513,23127PN0CG,Xiaomi 14,Xiaomi,2024-10-19,2025-09-15,7,900000,5G,Android 14,512,95.5,6.7,16,A17 Pro,108,Yes,Both,725000,89.49,12:00,12,0,4.5,Business,1,5,45,Online Shop,Selective Contract,No,Yes,Internet+TV,2
CUST_0514,A3102,iPhone 15,Apple,2024-12-27,2025-04-11,12,1250000,5G,iOS 17,512,90.9,6.1,6,A17 Pro,108,Yes,Face ID,625000,55.68,10:00,39,5,4.18,Video,1,7,26,Online Shop,Device Subsidy,No,Yes,Single,3
CUST_0515,SM-S928,Galaxy S24 Ultra,Samsung,2025-09-04,2026-04-19,0,1690000,5G,Android 14,256,99.3,6.1,8,Snapdragon Gen 3,200,Yes,Fingerprint,1690000,46.66,05:00,74,4,14.49,Game,1,4,21,Direct Store,Selective Contract,No,No,Single,1
CUST_0516,SM-A546,Galaxy A54,Samsung,2023-10-21,2024-06-21,22,590000,5G,Android 14,512,86.9,6.7,12,Snapdragon Gen 3,200,Yes,Face ID,229444,6.53,11:00,49,0,8.68,Finance,2,4,40,Online Shop,Selective Contract,No,Yes,Family,2
CUST_0517,SM-S921,Galaxy S24,Samsung,2024-06-04,2024-09-02,19,1150000,5G,Android 14,128,86.4,6.7,8,Snapdragon Gen 3,48,Yes,Both,239583,18.32,21:00,47,2,12.35,SNS,3,3,23,Agency,Device Subsidy,Yes,No,Single,1
CUST_0518,SM-S928,Galaxy S24 Ultra,Samsung,2024-09-04,2025-02-07,14,1690000,5G,Android 14,1024,92.4,6.1,8,Snapdragon Gen 3,108,Yes,Face ID,1032777,64.08,01:00,28,3,0.93,Business,1,3,21,Online Shop,Selective Contract,Yes,Yes,Family,0
CUST_0519,SM-S928,Galaxy S24 Ultra,Samsung,2023-03-20,2023-10-18,30,1690000,5G,Android 14,1024,79.8,6.7,12,Snapdragon Gen 3,50,No,Both,0,34.59,17:00,56,4,13.37,Game,3,8,41,Agency,Device Subsidy,Yes,Yes,Internet+TV,1
CUST_0520,A3102,iPhone 15,Apple,2025-05-11,2025-06-28,10,1250000,5G,iOS 17,1024,92.7,6.7,6,A17 Pro,108,No,Both,729166,28.73,14:00,85,4,10.34,Video,1,6,31,Direct Store,Device Subsidy,Yes,No,Internet+TV,0
CUST_0521,A3102,iPhone 15,Apple,2025-09-27,2025-12-09,4,1250000,5G,iOS 17,128,99.6,6.7,6,A17 Pro,200,No,Face ID,1041666,20.38,06:00,90,4,8.11,SNS,3,10,26,Agency,Selective Contract,Yes,No,Internet+TV,4
CUST_0522,23127PN0CG,Xiaomi 14,Xiaomi,2024-10-10,2025-02-17,14,900000,5G,Android 14,512,93.4,6.7,16,A17 Pro,48,No,Both,550000,78.34,08:00,18,2,8.53,Game,1,2,25,Direct Store,Device Subsidy,Yes,No,Single,2
CUST_0523,23127PN0CG,Xiaomi 14,Xiaomi,2023-05-17,2024-02-24,26,900000,5G,Android 14,128,87.2,6.8,8,A17 Pro,50,Yes,Fingerprint,0,42.77,06:00,55,4,12.02,SNS,0,9,29,Agency,Device Subsidy,Yes,No,Single,0
CUST_0524,A2894,iPhone 14,Apple,2022-05-09,2022-09-01,43,1000000,5G,iOS 17,256,75.0,6.7,6,A17 Pro,200,No,Face ID,0,86.54,16:00,63,3,9.36,SNS,2,1,20,Direct Store,Selective Contract,Yes,Yes,Single,3
CUST_0525,A3102,iPhone 15,Apple,2023-02-15,2023-05-08,35,1250000,5G,iOS 17,256,78.3,6.7,6,A17 Pro,50,No,Fingerprint,0,66.38,07:00,45,1,17.85,Game,1,4,32,Online Shop,Selective Contract,No,Yes,Internet+TV,0
CUST_0526,23127PN0CG,Xiaomi 14,Xiaomi,2022-06-19,2023-02-15,38,900000,5G,Android 14,256,78.2,6.8,16,A17 Pro,200,Yes,Fingerprint,0,83.11,23:00,53,2,18.99,Game,3,5,21,Agency,Selective Contract,No,Yes,Internet+TV,3
CUST_0527,23127PN0CG,Xiaomi 14,Xiaomi,2022-11-21,2023-01-12,39,900000,5G,Android 14,128,79.6,6.8,12,A17 Pro,200,No,Fingerprint,0,27.92,20:00,23,2,16.85,Finance,2,5,38,Agency,Selective Contract,No,No,Family,0
CUST_0528,SM-S921,Galaxy S24,Samsung,2023-02-05,2023-06-09,34,1150000,5G,Android 14,1024,77.9,6.1,16,Snapdragon Gen 3,200,No,Both,63888,68.23,16:00,58,0,12.03,Shopping,0,10,21,Online Shop,Device Subsidy,No,No,Family,0
CUST_0529,23127PN0CG,Xiaomi 14,Xiaomi,2023-03-28,2024-01-15,27,900000,5G,Android 14,128,86.4,6.1,8,A17 Pro,50,Yes,Both,225000,68.56,10:00,22,2,18.41,Game,3,5,29,Agency,Selective Contract,No,Yes,Family,3
CUST_0530,SM-S928,Galaxy S24 Ultra,Samsung,2023-04-02,2024-03-24,25,1690000,5G,Android 14,512,86.6,6.8,16,Snapdragon Gen 3,108,No,Face ID,0,24.89,05:00,73,0,6.68,Shopping,1,6,44,Direct Store,Device Subsidy,Yes,No,Family,4
CUST_0531,G82U8,Pixel 8,Google,2023-09-04,2023-12-16,28,850000,5G,Android 14,512,85.3,6.7,12,A17 Pro,50,Yes,Face ID,188888,38.31,00:00,24,1,11.64,Shopping,2,9,35,Online Shop,Selective Contract,Yes,Yes,Single,0
CUST_0532,G82U8,Pixel 8,Google,2025-01-01,2025-06-24,10,850000,5G,Android 14,512,93.4,6.8,12,A17 Pro,48,No,Fingerprint,613888,14.84,14:00,15,1,10.96,Finance,2,1,33,Online Shop,Device Subsidy,Yes,Yes,Family,1
CUST_0533,A3102,iPhone 15,Apple,2024-02-27,2024-06-30,22,1250000,5G,iOS 17,128,88.9,6.7,6,A17 Pro,200,Yes,Both,486111,84.6,18:00,61,5,11.51,Business,2,6,43,Direct Store,Selective Contract,No,No,Single,2
CUST_0534,23127PN0CG,Xiaomi 14,Xiaomi,2025-01-24,2025-07-07,9,900000,5G,Android 14,256,96.4,6.8,16,A17 Pro,200,No,Fingerprint,562500,14.18,19:00,39,5,6.97,Finance,1,8,26,Agency,Device Subsidy,No,No,Family,4
CUST_0535,G82U8,Pixel 8,Google,2024-11-10,2024-11-21,17,850000,5G,Android 14,1024,90.2,6.7,16,A17 Pro,50,Yes,Both,247916,90.1,11:00,18,5,5.52,Video,0,10,33,Direct Store,Device Subsidy,No,Yes,Internet+TV,3
CUST_0536,23127PN0CG,Xiaomi 14,Xiaomi,2023-12-20,2024-04-17,24,900000,5G,Android 14,1024,83.5,6.8,8,A17 Pro,108,Yes,Fingerprint,300000,86.96,19:00,18,4,8.27,SNS,1,4,37,Online Shop,Device Subsidy,Yes,No,Internet+TV,0
CUST_0537,23127PN0CG,Xiaomi 14,Xiaomi,2025-04-17,2025-11-09,5,900000,5G,Android 14,1024,98.8,6.1,12,A17 Pro,50,Yes,Face ID,775000,71.16,11:00,32,5,8.61,Video,3,2,23,Direct Store,Selective Contract,Yes,Yes,Family,0
CUST_0538,23127PN0CG,Xiaomi 14,Xiaomi,2025-04-17,2026-01-10,3,900000,5G,Android 14,512,95.3,6.1,16,A17 Pro,108,Yes,Fingerprint,787500,98.29,00:00,77,0,0.09,Business,2,1,43,Agency,Selective Contract,Yes,Yes,Single,4
CUST_0539,G82U8,Pixel 8,Google,2022-10-26,2023-02-14,38,850000,5G,Android 14,512,75.0,6.8,8,A17 Pro,200,Yes,Both,0,61.97,04:00,66,0,12.44,Shopping,0,5,47,Direct Store,Device Subsidy,No,Yes,Internet+TV,4
CUST_0540,A3102,iPhone 15,Apple,2023-01-11,2023-04-19,36,1250000,5G,iOS 17,256,81.4,6.8,8,A17 Pro,200,Yes,Both,0,94.09,17:00,18,2,4.92,SNS,1,8,24,Direct Store,Device Subsidy,No,Yes,Family,4
CUST_0541,SM-A546,Galaxy A54,Samsung,2025-04-23,2026-03-28,1,590000,5G,Android 14,512,101.9,6.8,8,Snapdragon Gen 3,108,No,Fingerprint,573611,76.91,14:00,35,2,18.88,Business,3,7,30,Online Shop,Selective Contract,Yes,No,Single,2
CUST_0542,G82U8,Pixel 8,Google,2024-02-08,2024-10-19,18,850000,5G,Android 14,512,90.8,6.1,8,A17 Pro,48,No,Both,212500,55.12,23:00,83,4,3.47,Video,0,9,18,Online Shop,Selective Contract,No,Yes,Family,4
CUST_0543,SM-A546,Galaxy A54,Samsung,2023-05-22,2024-02-06,26,590000,5G,Android 14,256,84.5,6.1,12,Snapdragon Gen 3,50,Yes,Both,0,91.51,10:00,19,5,4.07,SNS,0,1,47,Direct Store,Device Subsidy,Yes,No,Single,1
CUST_0544,23127PN0CG,Xiaomi 14,Xiaomi,2023-08-20,2023-12-14,28,900000,5G,Android 14,512,85.7,6.1,16,A17 Pro,50,No,Face ID,200000,9.25,21:00,83,5,17.27,Finance,2,4,48,Agency,Selective Contract,No,Yes,Family,3
CUST_0545,G82U8,Pixel 8,Google,2024-10-03,2025-06-09,10,850000,5G,Android 14,512,94.6,6.7,8,A17 Pro,50,Yes,Both,613888,8.97,03:00,24,1,18.04,Business,0,3,35,Direct Store,Device Subsidy,No,No,Family,4
CUST_0546,23127PN0CG,Xiaomi 14,Xiaomi,2022-08-16,2022-12-27,40,900000,5G,Android 14,128,77.6,6.1,8,A17 Pro,200,Yes,Fingerprint,0,83.17,16:00,14,3,9.58,Game,1,1,44,Direct Store,Device Subsidy,Yes,Yes,Single,3
CUST_0547,23127PN0CG,Xiaomi 14,Xiaomi,2025-01-07,2025-08-21,8,900000,5G,Android 14,128,96.2,6.8,12,A17 Pro,48,Yes,Fingerprint,600000,78.01,10:00,42,1,7.0,SNS,0,7,30,Online Shop,Selective Contract,Yes,Yes,Single,1
CUST_0548,23127PN0CG,Xiaomi 14,Xiaomi,2025-09-05,2026-04-18,0,900000,5G,Android 14,128,102.1,6.1,16,A17 Pro,108,Yes,Fingerprint,900000,57.9,21:00,18,3,10.36,Game,1,6,29,Online Shop,Device Subsidy,Yes,Yes,Single,3
CUST_0549,SM-A546,Galaxy A54,Samsung,2025-06-29,2026-01-13,3,590000,5G,Android 14,128,100.3,6.1,8,Snapdragon Gen 3,200,No,Face ID,516250,58.55,21:00,88,3,8.99,Finance,1,8,37,Direct Store,Selective Contract,No,No,Single,3
CUST_0550,23127PN0CG,Xiaomi 14,Xiaomi,2025-01-04,2025-05-30,11,900000,5G,Android 14,256,96.2,6.1,12,A17 Pro,48,No,Face ID,625000,99.92,04:00,15,3,8.21,Shopping,1,7,22,Agency,Selective Contract,Yes,No,Family,3
CUST_0551,G82U8,Pixel 8,Google,2023-05-01,2023-11-15,29,850000,5G,Android 14,1024,81.8,6.1,16,A17 Pro,50,Yes,Fingerprint,165277,68.21,22:00,34,4,3.89,Finance,2,8,35,Direct Store,Selective Contract,No,Yes,Family,1
CUST_0552,G82U8,Pixel 8,Google,2022-10-11,2023-09-09,31,850000,5G,Android 14,1024,80.2,6.1,12,A17 Pro,50,No,Both,118055,9.83,13:00,33,3,0.48,SNS,3,10,39,Online Shop,Selective Contract,Yes,No,Internet+TV,1
CUST_0553,A3106,iPhone 15 Pro,Apple,2024-01-17,2024-09-12,19,1550000,5G,iOS 17,256,90.8,6.7,8,A17 Pro,48,Yes,Fingerprint,322916,77.45,02:00,12,0,18.4,Game,2,2,28,Direct Store,Device Subsidy,Yes,Yes,Family,0
CUST_0554,23127PN0CG,Xiaomi 14,Xiaomi,2022-07-20,2023-03-05,37,900000,5G,Android 14,1024,76.8,6.1,16,A17 Pro,50,Yes,Fingerprint,0,32.53,13:00,25,4,18.2,Business,1,9,35,Agency,Selective Contract,No,Yes,Single,1
CUST_0555,G82U8,Pixel 8,Google,2025-08-07,2025-10-15,6,850000,5G,Android 14,1024,96.2,6.1,16,A17 Pro,108,No,Both,708333,21.19,18:00,33,3,17.88,Business,2,6,20,Direct Store,Device Subsidy,Yes,Yes,Internet+TV,2
CUST_0556,G82U8,Pixel 8,Google,2025-03-13,2026-02-18,2,850000,5G,Android 14,256,101.6,6.1,12,A17 Pro,200,Yes,Both,802777,32.77,18:00,63,1,7.3,Video,1,9,26,Agency,Device Subsidy,No,No,Single,0
CUST_0557,A2894,iPhone 14,Apple,2024-02-07,2024-06-20,22,1000000,5G,iOS 17,1024,89.8,6.8,8,A17 Pro,48,No,Both,388888,8.84,01:00,26,4,0.21,Shopping,0,5,30,Online Shop,Selective Contract,No,No,Single,2
CUST_0558,G82U8,Pixel 8,Google,2023-10-06,2024-06-24,22,850000,5G,Android 14,1024,86.2,6.7,16,A17 Pro,108,Yes,Face ID,330555,17.57,09:00,44,0,18.27,Finance,0,6,45,Agency,Device Subsidy,Yes,Yes,Single,1
CUST_0559,SM-S921,Galaxy S24,Samsung,2023-09-23,2023-10-26,30,1150000,5G,Android 14,256,82.4,6.1,8,Snapdragon Gen 3,48,No,Both,0,78.99,02:00,29,4,12.52,Business,2,2,37,Online Shop,Device Subsidy,Yes,Yes,Internet+TV,0
CUST_0560,A3102,iPhone 15,Apple,2025-04-22,2025-04-23,12,1250000,5G,iOS 17,1024,94.5,6.8,6,A17 Pro,200,No,Both,625000,24.97,16:00,34,3,16.35,Finance,3,10,40,Online Shop,Selective Contract,No,Yes,Family,1
CUST_0561,SM-S921,Galaxy S24,Samsung,2024-10-31,2025-02-09,14,1150000,5G,Android 14,512,89.5,6.8,8,Snapdragon Gen 3,50,Yes,Face ID,479166,71.5,07:00,30,3,12.71,Shopping,2,10,31,Agency,Selective Contract,Yes,No,Family,2
CUST_0562,A2894,iPhone 14,Apple,2025-10-12,2026-03-26,1,1000000,5G,iOS 17,512,98.1,6.1,8,A17 Pro,108,Yes,Both,958333,11.14,13:00,20,5,15.29,Finance,3,1,41,Agency,Device Subsidy,No,No,Internet+TV,4
CUST_0563,SM-A546,Galaxy A54,Samsung,2024-05-07,2024-10-17,18,590000,5G,Android 14,1024,88.3,6.7,12,Snapdragon Gen 3,108,Yes,Fingerprint,295000,40.19,18:00,31,0,13.82,Business,3,8,28,Direct Store,Selective Contract,No,No,Single,1
CUST_0564,G82U8,Pixel 8,Google,2025-09-06,2025-11-16,5,850000,5G,Android 14,512,96.3,6.1,12,A17 Pro,50,Yes,Both,672916,42.94,05:00,37,0,0.33,Business,1,5,28,Online Shop,Device Subsidy,No,No,Single,2
CUST_0565,23127PN0CG,Xiaomi 14,Xiaomi,2024-10-02,2025-06-08,10,900000,5G,Android 14,1024,93.6,6.8,8,A17 Pro,108,Yes,Fingerprint,524999,51.3,10:00,71,4,5.79,SNS,3,4,31,Direct Store,Device Subsidy,No,Yes,Family,2
CUST_0566,G82U8,Pixel 8,Google,2022-06-18,2022-08-23,44,850000,5G,Android 14,512,75.0,6.1,12,A17 Pro,200,Yes,Fingerprint,0,81.68,14:00,57,3,4.92,Video,1,6,38,Direct Store,Selective Contract,No,No,Internet+TV,1
CUST_0567,A3106,iPhone 15 Pro,Apple,2022-08-11,2022-12-06,40,1550000,5G,iOS 17,256,77.9,6.7,6,A17 Pro,108,Yes,Face ID,0,51.42,04:00,89,2,1.63,Business,3,10,46,Agency,Selective Contract,Yes,No,Family,1
CUST_0568,23127PN0CG,Xiaomi 14,Xiaomi,2023-10-12,2023-11-11,29,900000,5G,Android 14,1024,81.1,6.8,12,A17 Pro,50,No,Face ID,0,36.09,15:00,50,4,17.66,SNS,1,10,37,Online Shop,Selective Contract,Yes,Yes,Internet+TV,4
CUST_0569,23127PN0CG,Xiaomi 14,Xiaomi,2023-09-17,2024-04-20,24,900000,5G,Android 14,128,84.4,6.1,8,A17 Pro,200,Yes,Face ID,0,18.69,14:00,28,3,12.52,Shopping,1,10,32,Direct Store,Device Subsidy,No,No,Family,1
CUST_0570,G82U8,Pixel 8,Google,2024-11-27,2025-09-23,7,850000,5G,Android 14,256,94.7,6.7,16,A17 Pro,200,No,Fingerprint,602083,16.77,10:00,58,4,0.51,Business,2,7,23,Direct Store,Device Subsidy,No,No,Internet+TV,4
CUST_0571,SM-A546,Galaxy A54,Samsung,2025-07-04,2026-04-19,0,590000,5G,Android 14,1024,97.4,6.1,16,Snapdragon Gen 3,50,Yes,Fingerprint,590000,18.29,11:00,55,2,1.62,Video,0,8,30,Agency,Device Subsidy,No,No,Internet+TV,1
CUST_0572,SM-S921,Galaxy S24,Samsung,2023-04-22,2023-07-12,33,1150000,5G,Android 14,128,81.8,6.1,16,Snapdragon Gen 3,48,Yes,Both,95833,26.6,22:00,38,3,0.85,SNS,1,3,48,Online Shop,Selective Contract,No,No,Internet+TV,3
CUST_0573,SM-A546,Galaxy A54,Samsung,2024-03-12,2024-11-19,17,590000,5G,Android 14,128,90.8,6.1,8,Snapdragon Gen 3,48,Yes,Fingerprint,311388,57.25,18:00,72,0,6.99,Game,2,9,46,Online Shop,Selective Contract,Yes,Yes,Internet+TV,0
CUST_0574,23127PN0CG,Xiaomi 14,Xiaomi,2022-09-13,2023-03-23,37,900000,5G,Android 14,1024,75.8,6.7,12,A17 Pro,50,No,Face ID,0,76.65,12:00,25,5,5.71,Game,3,10,48,Agency,Selective Contract,Yes,Yes,Single,0
CUST_0575,G82U8,Pixel 8,Google,2024-08-31,2024-12-11,16,850000,5G,Android 14,512,92.4,6.7,12,A17 Pro,200,Yes,Both,283333,89.23,20:00,39,4,17.8,Video,1,9,18,Direct Store,Device Subsidy,Yes,Yes,Family,1
CUST_0576,G82U8,Pixel 8,Google,2023-12-26,2024-08-16,20,850000,5G,Android 14,1024,88.6,6.7,16,A17 Pro,108,Yes,Fingerprint,141666,92.48,19:00,23,0,17.05,Shopping,0,1,48,Direct Store,Device Subsidy,No,No,Family,4
CUST_0577,A3102,iPhone 15,Apple,2025-07-09,2026-01-13,3,1250000,5G,iOS 17,256,99.1,6.7,6,A17 Pro,108,No,Both,1145833,75.48,00:00,48,0,17.97,Video,1,5,32,Online Shop,Device Subsidy,Yes,No,Single,0
CUST_0578,SM-S921,Galaxy S24,Samsung,2024-07-03,2025-02-21,14,1150000,5G,Android 14,512,90.2,6.8,8,Snapdragon Gen 3,50,Yes,Face ID,702777,11.01,21:00,58,0,0.74,Business,3,7,23,Online Shop,Device Subsidy,Yes,No,Internet+TV,2
CUST_0579,G82U8,Pixel 8,Google,2024-04-27,2024-05-09,23,850000,5G,Android 14,512,89.0,6.7,8,A17 Pro,48,No,Both,35416,27.31,22:00,72,1,14.31,Finance,0,5,29,Online Shop,Selective Contract,No,No,Internet+TV,1
CUST_0580,23127PN0CG,Xiaomi 14,Xiaomi,2022-09-24,2023-06-27,34,900000,5G,Android 14,256,78.5,6.8,12,A17 Pro,108,No,Face ID,50000,43.67,09:00,28,5,15.03,Business,3,6,48,Direct Store,Device Subsidy,No,Yes,Family,2
CUST_0581,G82U8,Pixel 8,Google,2022-10-18,2023-10-01,30,850000,5G,Android 14,256,84.3,6.8,8,A17 Pro,108,Yes,Both,141666,53.1,04:00,36,5,7.93,Business,0,9,35,Online Shop,Device Subsidy,Yes,No,Internet+TV,1
CUST_0582,A2894,iPhone 14,Apple,2023-12-11,2024-08-17,20,1000000,5G,iOS 17,128,87.0,6.7,8,A17 Pro,50,No,Both,444444,57.1,13:00,23,1,12.81,Business,1,4,40,Online Shop,Device Subsidy,No,Yes,Single,2
CUST_0583,A3106,iPhone 15 Pro,Apple,2024-02-14,2024-05-31,23,1550000,5G,iOS 17,128,88.9,6.1,8,A17 Pro,48,Yes,Fingerprint,64583,7.23,21:00,19,0,5.07,Game,3,6,39,Direct Store,Device Subsidy,No,No,Family,2
CUST_0584,A3106,iPhone 15 Pro,Apple,2023-06-02,2024-04-14,24,1550000,5G,iOS 17,1024,86.4,6.1,8,A17 Pro,108,No,Fingerprint,0,69.52,08:00,70,3,15.06,Game,3,10,37,Direct Store,Selective Contract,Yes,No,Single,3
CUST_0585,SM-S928,Galaxy S24 Ultra,Samsung,2024-05-28,2025-03-02,13,1690000,5G,Android 14,128,89.7,6.8,12,Snapdragon Gen 3,50,No,Fingerprint,774583,48.2,10:00,49,4,15.54,Business,1,10,31,Online Shop,Device Subsidy,Yes,Yes,Internet+TV,3
CUST_0586,SM-A546,Galaxy A54,Samsung,2024-10-20,2025-06-14,10,590000,5G,Android 14,512,95.2,6.8,16,Snapdragon Gen 3,48,No,Both,426111,81.12,03:00,76,3,3.48,Business,2,3,19,Direct Store,Selective Contract,No,Yes,Internet+TV,1
CUST_0587,SM-S921,Galaxy S24,Samsung,2023-02-12,2023-10-18,30,1150000,5G,Android 14,256,79.0,6.1,12,Snapdragon Gen 3,50,Yes,Face ID,0,78.38,21:00,84,3,4.57,Business,0,2,23,Online Shop,Device Subsidy,Yes,No,Family,2
CUST_0588,G82U8,Pixel 8,Google,2022-11-16,2023-11-06,29,850000,5G,Android 14,512,83.4,6.1,12,A17 Pro,200,No,Fingerprint,0,44.77,02:00,21,2,17.56,Finance,2,8,30,Agency,Device Subsidy,Yes,Yes,Single,1
CUST_0589,SM-A546,Galaxy A54,Samsung,2024-10-09,2025-09-14,7,590000,5G,Android 14,256,95.5,6.7,8,Snapdragon Gen 3,50,No,Fingerprint,475277,57.95,17:00,15,1,4.05,Video,1,7,18,Direct Store,Device Subsidy,Yes,Yes,Internet+TV,2
CUST_0590,SM-S928,Galaxy S24 Ultra,Samsung,2025-01-19,2025-07-01,9,1690000,5G,Android 14,256,96.8,6.7,12,Snapdragon Gen 3,200,Yes,Fingerprint,1056250,22.92,05:00,59,4,12.67,Shopping,0,3,39,Online Shop,Device Subsidy,Yes,No,Internet+TV,0
CUST_0591,A3102,iPhone 15,Apple,2023-07-03,2024-05-18,23,1250000,5G,iOS 17,512,88.8,6.7,6,A17 Pro,108,No,Fingerprint,451388,43.61,06:00,57,3,9.0,SNS,1,8,37,Agency,Selective Contract,Yes,Yes,Internet+TV,4
CUST_0592,23127PN0CG,Xiaomi 14,Xiaomi,2025-05-26,2026-01-02,3,900000,5G,Android 14,128,97.7,6.1,16,A17 Pro,48,No,Face ID,787500,71.93,12:00,45,3,13.0,Video,2,9,37,Direct Store,Selective Contract,No,No,Family,4
CUST_0593,A3106,iPhone 15 Pro,Apple,2023-12-06,2024-01-21,27,1550000,5G,iOS 17,1024,86.7,6.7,8,A17 Pro,108,Yes,Face ID,0,28.9,10:00,40,4,3.83,Video,1,6,34,Agency,Selective Contract,No,No,Internet+TV,3
CUST_0594,A2894,iPhone 14,Apple,2025-01-14,2026-01-01,3,1000000,5G,iOS 17,512,96.3,6.8,8,A17 Pro,50,No,Both,916666,72.7,16:00,32,0,14.49,Video,1,4,37,Agency,Selective Contract,Yes,No,Family,1
CUST_0595,G82U8,Pixel 8,Google,2024-04-20,2025-02-04,14,850000,5G,Android 14,1024,91.8,6.1,12,A17 Pro,48,No,Both,354166,29.2,12:00,10,0,3.78,Video,3,8,47,Agency,Selective Contract,No,Yes,Family,0
CUST_0596,G82U8,Pixel 8,Google,2022-06-25,2022-08-19,44,850000,5G,Android 14,1024,75.0,6.1,8,A17 Pro,108,Yes,Fingerprint,0,16.35,02:00,45,0,10.97,Video,1,2,47,Agency,Selective Contract,Yes,Yes,Internet+TV,4
CUST_0597,SM-S921,Galaxy S24,Samsung,2025-03-12,2025-08-31,8,1150000,5G,Android 14,512,93.9,6.8,16,Snapdragon Gen 3,108,No,Fingerprint,766666,26.9,04:00,12,4,11.68,SNS,1,7,24,Agency,Device Subsidy,Yes,Yes,Internet+TV,4
CUST_0598,23127PN0CG,Xiaomi 14,Xiaomi,2025-02-13,2025-04-02,12,900000,5G,Android 14,256,94.9,6.8,8,A17 Pro,50,Yes,Face ID,450000,27.99,03:00,10,1,13.42,Business,3,8,24,Online Shop,Device Subsidy,Yes,No,Internet+TV,3
CUST_0599,G82U8,Pixel 8,Google,2023-08-31,2024-07-10,21,850000,5G,Android 14,1024,84.5,6.8,12,A17 Pro,200,No,Face ID,354166,24.49,00:00,73,4,12.31,Business,1,6,22,Agency,Device Subsidy,No,Yes,Family,1
CUST_0600,A3106,iPhone 15 Pro,Apple,2023-11-03,2024-05-28,23,1550000,5G,iOS 17,512,84.7,6.7,8,A17 Pro,48,Yes,Both,559722,90.35,22:00,18,3,14.26,Game,3,10,29,Direct Store,Selective Contract,Yes,No,Family,3
CUST_0601,G82U8,Pixel 8,Google,2023-05-15,2023-09-22,31,850000,5G,Android 14,512,79.8,6.7,12,A17 Pro,50,Yes,Fingerprint,118055,91.6,18:00,76,4,10.62,SNS,0,7,29,Online Shop,Device Subsidy,Yes,Yes,Single,4
CUST_0602,SM-S928,Galaxy S24 Ultra,Samsung,2025-05-17,2026-02-09,2,1690000,5G,Android 14,512,98.5,6.7,12,Snapdragon Gen 3,50,Yes,Face ID,1596111,18.46,09:00,31,4,1.34,Game,0,10,38,Agency,Device Subsidy,No,No,Family,1
CUST_0603,A3102,iPhone 15,Apple,2024-09-21,2025-07-26,9,1250000,5G,iOS 17,128,92.0,6.1,6,A17 Pro,200,No,Both,781250,30.56,05:00,29,4,18.64,SNS,0,6,45,Online Shop,Selective Contract,Yes,Yes,Family,1
CUST_0604,A3102,iPhone 15,Apple,2023-03-11,2023-05-29,35,1250000,5G,iOS 17,256,77.5,6.7,8,A17 Pro,50,No,Fingerprint,34722,59.52,22:00,24,5,4.96,Finance,0,2,30,Online Shop,Device Subsidy,No,No,Internet+TV,3
CUST_0605,G82U8,Pixel 8,Google,2022-11-16,2023-07-12,33,850000,5G,Android 14,512,81.9,6.8,12,A17 Pro,50,No,Fingerprint,70833,76.4,01:00,36,0,12.0,Video,2,2,37,Direct Store,Selective Contract,No,No,Family,0
CUST_0606,23127PN0CG,Xiaomi 14,Xiaomi,2024-09-15,2024-09-23,19,900000,5G,Android 14,256,88.2,6.8,16,A17 Pro,50,No,Face ID,187500,47.74,07:00,28,0,18.01,Business,2,8,30,Direct Store,Selective Contract,No,Yes,Family,1
CUST_0607,G82U8,Pixel 8,Google,2024-06-11,2024-08-24,20,850000,5G,Android 14,128,86.8,6.7,16,A17 Pro,200,Yes,Both,141666,38.3,09:00,55,4,11.03,Game,3,2,29,Direct Store,Device Subsidy,No,Yes,Single,0
CUST_0608,A2894,iPhone 14,Apple,2022-09-02,2023-01-18,39,1000000,5G,iOS 17,128,75.0,6.7,6,A17 Pro,200,No,Face ID,0,64.91,19:00,68,2,12.44,Video,2,1,43,Agency,Device Subsidy,No,No,Family,4
CUST_0609,SM-A546,Galaxy A54,Samsung,2022-09-30,2023-07-16,33,590000,5G,Android 14,128,83.2,6.7,12,Snapdragon Gen 3,200,No,Fingerprint,0,93.63,04:00,35,0,12.34,Video,3,4,19,Online Shop,Selective Contract,Yes,Yes,Single,3
CUST_0610,A3106,iPhone 15 Pro,Apple,2024-12-20,2025-07-26,9,1550000,5G,iOS 17,512,97.5,6.1,6,A17 Pro,48,No,Both,968750,5.05,15:00,18,1,9.37,SNS,3,2,20,Agency,Selective Contract,No,No,Family,2
CUST_0611,23127PN0CG,Xiaomi 14,Xiaomi,2022-11-13,2023-01-31,39,900000,5G,Android 14,512,78.4,6.1,12,A17 Pro,200,No,Face ID,0,26.49,16:00,48,3,19.46,Business,0,10,27,Direct Store,Device Subsidy,Yes,Yes,Single,1
CUST_0612,G82U8,Pixel 8,Google,2025-04-08,2026-03-31,1,850000,5G,Android 14,512,98.9,6.7,12,A17 Pro,48,Yes,Fingerprint,826388,44.83,19:00,71,5,1.33,Video,0,7,30,Direct Store,Device Subsidy,No,No,Single,2
CUST_0613,23127PN0CG,Xiaomi 14,Xiaomi,2024-02-04,2024-06-03,22,900000,5G,Android 14,1024,89.1,6.7,16,A17 Pro,50,No,Face ID,349999,93.14,07:00,46,1,12.21,SNS,2,3,37,Direct Store,Selective Contract,Yes,Yes,Single,0
CUST_0614,SM-S921,Galaxy S24,Samsung,2022-10-16,2023-05-23,35,1150000,5G,Android 14,1024,81.4,6.1,12,Snapdragon Gen 3,50,Yes,Fingerprint,0,99.22,09:00,56,5,13.71,Finance,2,10,20,Online Shop,Device Subsidy,No,No,Single,0
CUST_0615,SM-S921,Galaxy S24,Samsung,2022-05-17,2022-05-17,47,1150000,5G,Android 14,256,75.0,6.7,8,Snapdragon Gen 3,108,No,Both,0,83.3,16:00,19,4,5.69,Game,3,10,45,Direct Store,Device Subsidy,Yes,No,Internet+TV,1
CUST_0616,23127PN0CG,Xiaomi 14,Xiaomi,2023-08-13,2024-02-02,26,900000,5G,Android 14,256,85.6,6.8,12,A17 Pro,108,No,Face ID,250000,39.08,07:00,49,5,6.53,SNS,3,3,40,Online Shop,Device Subsidy,Yes,Yes,Internet+TV,0
CUST_0617,A3102,iPhone 15,Apple,2023-04-21,2023-06-24,34,1250000,5G,iOS 17,256,80.9,6.8,8,A17 Pro,50,No,Face ID,69444,78.18,13:00,25,5,13.37,Finance,2,4,46,Direct Store,Device Subsidy,No,Yes,Family,1
CUST_0618,23127PN0CG,Xiaomi 14,Xiaomi,2025-07-18,2025-08-03,8,900000,5G,Android 14,512,94.5,6.7,16,A17 Pro,108,No,Fingerprint,700000,49.03,10:00,64,5,6.3,Shopping,1,1,45,Online Shop,Selective Contract,No,Yes,Family,2
CUST_0619,A3102,iPhone 15,Apple,2025-01-12,2025-05-14,11,1250000,5G,iOS 17,1024,96.1,6.7,6,A17 Pro,48,No,Both,677083,73.47,10:00,88,2,6.74,Game,3,9,24,Online Shop,Device Subsidy,No,No,Internet+TV,3
CUST_0620,A3106,iPhone 15 Pro,Apple,2025-08-07,2026-03-27,1,1550000,5G,iOS 17,512,99.6,6.7,6,A17 Pro,200,Yes,Face ID,1506944,9.23,13:00,69,4,11.44,Video,1,8,26,Direct Store,Device Subsidy,Yes,No,Family,2
CUST_0621,SM-A546,Galaxy A54,Samsung,2024-07-14,2024-08-03,20,590000,5G,Android 14,256,90.7,6.1,12,Snapdragon Gen 3,48,Yes,Face ID,262222,27.7,17:00,79,3,0.33,Finance,2,10,39,Online Shop,Selective Contract,Yes,No,Single,1
CUST_0622,G82U8,Pixel 8,Google,2024-10-29,2025-08-04,8,850000,5G,Android 14,256,92.3,6.8,8,A17 Pro,200,Yes,Fingerprint,661111,12.57,04:00,43,1,13.15,Finance,2,7,23,Direct Store,Device Subsidy,Yes,No,Single,2
CUST_0623,23127PN0CG,Xiaomi 14,Xiaomi,2025-05-23,2025-08-10,8,900000,5G,Android 14,128,97.3,6.1,12,A17 Pro,50,Yes,Face ID,600000,95.59,10:00,25,4,15.32,Shopping,3,9,21,Direct Store,Selective Contract,Yes,No,Single,2
CUST_0624,A3106,iPhone 15 Pro,Apple,2024-10-04,2025-07-10,9,1550000,5G,iOS 17,512,96.0,6.1,6,A17 Pro,108,Yes,Both,968750,99.25,22:00,78,1,9.57,Finance,2,1,28,Direct Store,Selective Contract,Yes,No,Single,1
CUST_0625,A2894,iPhone 14,Apple,2023-02-09,2023-12-06,28,1000000,5G,iOS 17,128,86.1,6.7,8,A17 Pro,200,No,Both,0,84.28,11:00,35,0,0.73,SNS,0,10,29,Online Shop,Selective Contract,No,No,Internet+TV,0
CUST_0626,23127PN0CG,Xiaomi 14,Xiaomi,2025-05-05,2025-07-12,9,900000,5G,Android 14,128,95.2,6.7,12,A17 Pro,108,Yes,Both,562500,61.32,01:00,50,1,6.24,Business,2,1,45,Online Shop,Device Subsidy,No,Yes,Internet+TV,2
CUST_0627,G82U8,Pixel 8,Google,2024-03-31,2024-09-21,19,850000,5G,Android 14,1024,91.5,6.7,16,A17 Pro,108,No,Fingerprint,401388,12.14,00:00,46,2,3.7,Game,1,9,37,Agency,Device Subsidy,No,Yes,Single,2
CUST_0628,23127PN0CG,Xiaomi 14,Xiaomi,2025-02-15,2025-05-19,11,900000,5G,Android 14,256,93.9,6.7,12,A17 Pro,48,No,Both,487500,26.99,21:00,48,0,17.91,Game,2,7,20,Agency,Selective Contract,No,Yes,Single,0
CUST_0629,SM-A546,Galaxy A54,Samsung,2025-10-18,2025-12-11,4,590000,5G,Android 14,1024,94.9,6.1,12,Snapdragon Gen 3,50,Yes,Fingerprint,524444,43.57,10:00,31,1,12.97,Shopping,0,1,33,Online Shop,Device Subsidy,Yes,Yes,Family,0
CUST_0630,23127PN0CG,Xiaomi 14,Xiaomi,2023-01-22,2023-10-29,30,900000,5G,Android 14,256,79.4,6.7,8,A17 Pro,108,No,Fingerprint,0,63.26,12:00,85,3,18.21,Video,2,4,37,Online Shop,Selective Contract,No,No,Single,0
CUST_0631,G82U8,Pixel 8,Google,2024-05-26,2025-05-14,11,850000,5G,Android 14,256,93.9,6.1,8,A17 Pro,48,Yes,Fingerprint,460416,96.88,23:00,15,5,1.44,Business,1,4,26,Online Shop,Device Subsidy,Yes,Yes,Internet+TV,0
CUST_0632,G82U8,Pixel 8,Google,2023-11-27,2024-03-11,25,850000,5G,Android 14,1024,82.9,6.7,12,A17 Pro,200,No,Face ID,0,87.54,21:00,35,5,2.92,Business,2,4,45,Agency,Device Subsidy,No,No,Family,3
CUST_0633,SM-S928,Galaxy S24 Ultra,Samsung,2025-10-20,2026-04-09,0,1690000,5G,Android 14,256,97.4,6.8,12,Snapdragon Gen 3,50,No,Fingerprint,1690000,76.09,09:00,28,2,5.59,Business,0,8,43,Agency,Device Subsidy,No,No,Family,1
CUST_0634,G82U8,Pixel 8,Google,2024-04-10,2024-12-10,16,850000,5G,Android 14,1024,89.0,6.1,8,A17 Pro,50,No,Face ID,472222,25.95,07:00,80,4,12.84,SNS,0,5,41,Direct Store,Selective Contract,Yes,No,Internet+TV,4
CUST_0635,23127PN0CG,Xiaomi 14,Xiaomi,2025-09-15,2025-10-17,6,900000,5G,Android 14,128,94.8,6.1,16,A17 Pro,50,No,Both,750000,28.95,00:00,29,0,6.55,Finance,3,10,28,Online Shop,Selective Contract,Yes,Yes,Single,2
CUST_0636,G82U8,Pixel 8,Google,2024-04-18,2025-02-12,14,850000,5G,Android 14,256,92.4,6.7,16,A17 Pro,50,Yes,Face ID,519444,14.13,01:00,53,2,9.43,SNS,2,8,25,Direct Store,Device Subsidy,Yes,Yes,Internet+TV,1
CUST_0637,A3106,iPhone 15 Pro,Apple,2025-07-29,2025-11-10,5,1550000,5G,iOS 17,1024,96.5,6.8,8,A17 Pro,50,Yes,Both,1227083,14.75,06:00,37,2,1.94,Video,0,10,31,Online Shop,Selective Contract,No,Yes,Single,2
CUST_0638,A2894,iPhone 14,Apple,2025-02-25,2025-04-13,12,1000000,5G,iOS 17,512,94.5,6.8,8,A17 Pro,50,Yes,Face ID,500000,9.2,06:00,62,2,2.0,Shopping,1,10,26,Online Shop,Selective Contract,No,No,Family,4
CUST_0639,A3102,iPhone 15,Apple,2025-04-10,2026-02-25,2,1250000,5G,iOS 17,128,99.8,6.1,6,A17 Pro,48,Yes,Fingerprint,1145833,21.35,06:00,35,1,5.9,Game,3,4,37,Online Shop,Device Subsidy,Yes,Yes,Family,2
CUST_0640,G82U8,Pixel 8,Google,2025-06-19,2025-09-08,7,850000,5G,Android 14,1024,95.1,6.8,8,A17 Pro,200,Yes,Fingerprint,602083,40.58,05:00,37,0,3.07,Game,3,4,40,Online Shop,Selective Contract,No,No,Single,4
CUST_0641,A3106,iPhone 15 Pro,Apple,2023-06-09,2023-09-05,31,1550000,5G,iOS 17,1024,80.1,6.8,6,A17 Pro,50,No,Face ID,215277,62.6,12:00,78,3,18.54,Shopping,0,3,46,Online Shop,Device Subsidy,Yes,No,Family,4
CUST_0642,A3102,iPhone 15,Apple,2022-12-01,2023-03-03,37,1250000,5G,iOS 17,256,79.6,6.8,6,A17 Pro,50,Yes,Face ID,0,91.26,16:00,78,0,5.19,Video,1,3,19,Direct Store,Selective Contract,Yes,Yes,Single,0
CUST_0643,A2894,iPhone 14,Apple,2023-05-05,2023-06-10,34,1000000,5G,iOS 17,1024,80.9,6.7,8,A17 Pro,50,No,Face ID,0,75.09,00:00,14,0,15.6,Finance,0,1,20,Direct Store,Device Subsidy,Yes,Yes,Internet+TV,1
CUST_0644,G82U8,Pixel 8,Google,2023-05-11,2024-02-10,26,850000,5G,Android 14,512,81.7,6.7,12,A17 Pro,200,Yes,Both,0,73.33,20:00,47,2,5.22,Game,1,10,39,Agency,Selective Contract,No,No,Internet+TV,0
CUST_0645,A3102,iPhone 15,Apple,2024-03-14,2024-11-25,17,1250000,5G,iOS 17,128,88.7,6.7,8,A17 Pro,48,Yes,Both,659722,8.84,01:00,10,5,5.23,SNS,3,6,38,Direct Store,Device Subsidy,No,No,Internet+TV,1
CUST_0646,G82U8,Pixel 8,Google,2022-08-30,2022-10-31,42,850000,5G,Android 14,256,75.0,6.7,12,A17 Pro,48,No,Face ID,0,53.61,05:00,83,3,14.59,Shopping,0,8,19,Direct Store,Device Subsidy,Yes,No,Internet+TV,4
CUST_0647,G82U8,Pixel 8,Google,2025-09-22,2026-03-30,1,850000,5G,Android 14,256,97.2,6.1,8,A17 Pro,200,No,Both,814583,30.44,03:00,81,4,14.77,Video,2,3,35,Direct Store,Selective Contract,Yes,Yes,Family,1
CUST_0648,SM-S928,Galaxy S24 Ultra,Samsung,2024-04-26,2024-08-28,20,1690000,5G,Android 14,256,89.0,6.8,16,Snapdragon Gen 3,108,Yes,Both,281666,71.18,18:00,49,3,5.95,Game,1,7,42,Agency,Device Subsidy,No,No,Single,0
CUST_0649,23127PN0CG,Xiaomi 14,Xiaomi,2025-05-11,2026-01-02,3,900000,5G,Android 14,128,100.1,6.8,12,A17 Pro,50,No,Face ID,825000,94.82,09:00,15,1,8.07,SNS,2,6,35,Agency,Device Subsidy,No,Yes,Internet+TV,0
CUST_0650,SM-S928,Galaxy S24 Ultra,Samsung,2023-09-15,2024-02-19,26,1690000,5G,Android 14,1024,86.2,6.8,16,Snapdragon Gen 3,48,Yes,Both,469444,53.73,03:00,57,1,11.12,Shopping,1,5,28,Agency,Device Subsidy,No,Yes,Internet+TV,2
CUST_0651,SM-S928,Galaxy S24 Ultra,Samsung,2025-07-01,2025-11-27,5,1690000,5G,Android 14,256,95.2,6.7,8,Snapdragon Gen 3,108,No,Both,1337916,24.85,03:00,60,5,4.44,SNS,0,2,21,Agency,Selective Contract,No,Yes,Internet+TV,0
CUST_0652,A3102,iPhone 15,Apple,2022-06-29,2022-08-14,44,1250000,5G,iOS 17,256,75.0,6.7,6,A17 Pro,48,No,Fingerprint,0,43.47,23:00,19,0,18.36,Shopping,3,6,30,Online Shop,Selective Contract,No,Yes,Single,1
CUST_0653,A3102,iPhone 15,Apple,2025-08-27,2026-04-20,0,1250000,5G,iOS 17,512,101.7,6.8,6,A17 Pro,50,No,Face ID,1250000,57.23,15:00,73,2,14.59,Shopping,0,7,47,Online Shop,Device Subsidy,No,No,Internet+TV,2
CUST_0654,A3102,iPhone 15,Apple,2025-05-23,2025-10-29,6,1250000,5G,iOS 17,128,98.3,6.7,6,A17 Pro,50,No,Both,1041666,15.34,15:00,53,0,11.73,Business,1,3,44,Agency,Device Subsidy,Yes,Yes,Single,1
CUST_0655,G82U8,Pixel 8,Google,2023-12-10,2024-05-30,23,850000,5G,Android 14,1024,83.7,6.8,16,A17 Pro,108,Yes,Both,306944,93.71,17:00,62,5,0.86,Video,0,6,25,Direct Store,Selective Contract,No,No,Internet+TV,0
CUST_0656,SM-S921,Galaxy S24,Samsung,2025-02-05,2025-09-11,7,1150000,5G,Android 14,128,98.4,6.1,16,Snapdragon Gen 3,50,No,Face ID,814583,88.11,12:00,87,0,16.36,Game,3,3,39,Direct Store,Device Subsidy,No,Yes,Single,1
CUST_0657,A3106,iPhone 15 Pro,Apple,2023-11-29,2024-05-29,23,1550000,5G,iOS 17,128,88.1,6.1,8,A17 Pro,200,No,Both,64583,46.44,20:00,28,4,4.22,Shopping,2,5,41,Online Shop,Device Subsidy,Yes,No,Internet+TV,0
CUST_0658,G82U8,Pixel 8,Google,2023-11-25,2024-04-25,24,850000,5G,Android 14,256,85.5,6.1,8,A17 Pro,108,Yes,Fingerprint,0,43.71,03:00,57,3,13.82,Game,0,9,29,Agency,Device Subsidy,No,No,Internet+TV,1
CUST_0659,SM-A546,Galaxy A54,Samsung,2023-04-13,2023-08-21,32,590000,5G,Android 14,256,80.2,6.8,12,Snapdragon Gen 3,108,No,Fingerprint,65555,77.83,16:00,47,1,10.71,Video,3,10,25,Online Shop,Selective Contract,Yes,No,Single,4
CUST_0660,23127PN0CG,Xiaomi 14,Xiaomi,2024-11-02,2025-02-07,14,900000,5G,Android 14,128,89.7,6.1,12,A17 Pro,200,Yes,Face ID,374999,32.97,19:00,12,4,9.46,Business,0,8,42,Direct Store,Device Subsidy,No,Yes,Internet+TV,1
CUST_0661,23127PN0CG,Xiaomi 14,Xiaomi,2022-11-27,2023-10-03,30,900000,5G,Android 14,256,81.0,6.8,8,A17 Pro,48,No,Fingerprint,149999,66.77,11:00,62,5,2.36,SNS,3,6,18,Agency,Device Subsidy,No,No,Internet+TV,1
CUST_0662,G82U8,Pixel 8,Google,2025-04-18,2026-01-24,3,850000,5G,Android 14,1024,98.6,6.1,8,A17 Pro,48,No,Face ID,779166,43.66,03:00,28,1,16.14,Video,2,2,26,Online Shop,Selective Contract,No,Yes,Single,4
CUST_0663,23127PN0CG,Xiaomi 14,Xiaomi,2025-08-04,2025-08-19,8,900000,5G,Android 14,256,95.1,6.8,16,A17 Pro,200,No,Face ID,600000,5.09,02:00,17,0,16.67,Business,1,2,20,Agency,Device Subsidy,No,Yes,Single,0
CUST_0664,G82U8,Pixel 8,Google,2022-05-22,2023-04-18,36,850000,5G,Android 14,512,75.9,6.7,8,A17 Pro,200,No,Fingerprint,0,86.49,20:00,76,1,17.44,Business,3,3,19,Agency,Selective Contract,Yes,No,Family,0
CUST_0665,G82U8,Pixel 8,Google,2023-05-04,2024-03-05,25,850000,5G,Android 14,512,84.3,6.7,8,A17 Pro,200,No,Both,0,72.86,04:00,86,1,6.89,Shopping,0,8,41,Agency,Selective Contract,No,Yes,Single,4
CUST_0666,SM-S928,Galaxy S24 Ultra,Samsung,2025-09-10,2026-04-01,0,1690000,5G,Android 14,512,97.4,6.7,8,Snapdragon Gen 3,48,Yes,Face ID,1690000,23.85,11:00,31,1,6.89,Business,0,8,35,Online Shop,Selective Contract,Yes,Yes,Single,0
CUST_0667,SM-A546,Galaxy A54,Samsung,2024-11-26,2024-11-26,17,590000,5G,Android 14,1024,87.5,6.8,16,Snapdragon Gen 3,108,Yes,Face ID,311388,27.61,15:00,79,4,19.53,Business,0,4,24,Direct Store,Device Subsidy,No,No,Family,4
CUST_0668,SM-A546,Galaxy A54,Samsung,2024-11-15,2025-09-07,7,590000,5G,Android 14,512,93.1,6.1,8,Snapdragon Gen 3,200,No,Face ID,475277,32.93,01:00,40,3,4.1,Video,0,7,33,Agency,Device Subsidy,Yes,No,Internet+TV,3
CUST_0669,A3102,iPhone 15,Apple,2025-05-26,2025-06-02,10,1250000,5G,iOS 17,256,94.8,6.8,6,A17 Pro,48,Yes,Face ID,902777,89.96,16:00,63,1,11.45,Video,3,10,32,Online Shop,Selective Contract,Yes,Yes,Single,4
CUST_0670,A2894,iPhone 14,Apple,2024-01-13,2024-08-09,20,1000000,5G,iOS 17,128,87.0,6.1,8,A17 Pro,200,No,Both,444444,96.18,03:00,68,3,14.0,Business,3,4,46,Direct Store,Device Subsidy,Yes,No,Single,3
CUST_0671,A3102,iPhone 15,Apple,2024-11-10,2025-02-10,14,1250000,5G,iOS 17,256,92.4,6.1,8,A17 Pro,108,Yes,Face ID,763888,69.02,17:00,67,0,13.73,Business,1,2,34,Agency,Device Subsidy,Yes,Yes,Family,4
CUST_0672,G82U8,Pixel 8,Google,2022-06-28,2022-07-18,45,850000,5G,Android 14,512,75.0,6.1,8,A17 Pro,50,Yes,Face ID,0,79.42,01:00,87,5,14.59,Finance,3,10,40,Agency,Selective Contract,No,Yes,Family,4
CUST_0673,23127PN0CG,Xiaomi 14,Xiaomi,2025-05-07,2025-09-29,7,900000,5G,Android 14,512,95.5,6.1,16,A17 Pro,200,Yes,Face ID,725000,96.43,05:00,40,4,8.03,Business,3,4,35,Agency,Device Subsidy,Yes,No,Family,3
CUST_0674,SM-A546,Galaxy A54,Samsung,2025-06-18,2026-04-02,0,590000,5G,Android 14,1024,100.0,6.1,16,Snapdragon Gen 3,200,No,Both,590000,41.53,04:00,26,2,10.32,SNS,3,1,43,Agency,Selective Contract,Yes,No,Internet+TV,1
CUST_0675,A3106,iPhone 15 Pro,Apple,2025-07-12,2026-04-15,0,1550000,5G,iOS 17,128,101.0,6.7,8,A17 Pro,108,No,Both,1550000,76.78,01:00,13,5,2.5,Video,1,6,45,Direct Store,Selective Contract,No,Yes,Internet+TV,3
CUST_0676,G82U8,Pixel 8,Google,2024-09-20,2024-11-30,17,850000,5G,Android 14,512,91.8,6.1,16,A17 Pro,50,No,Face ID,448611,22.64,07:00,34,4,19.21,Shopping,0,6,30,Online Shop,Selective Contract,Yes,No,Single,4
CUST_0677,23127PN0CG,Xiaomi 14,Xiaomi,2024-10-27,2025-04-20,12,900000,5G,Android 14,1024,90.8,6.8,8,A17 Pro,50,No,Both,450000,43.35,19:00,57,0,4.47,Shopping,0,9,40,Direct Store,Selective Contract,No,Yes,Internet+TV,3
CUST_0678,23127PN0CG,Xiaomi 14,Xiaomi,2022-09-08,2023-02-21,38,900000,5G,Android 14,128,77.9,6.7,12,A17 Pro,50,Yes,Fingerprint,0,78.44,09:00,90,4,2.4,Finance,0,2,47,Direct Store,Selective Contract,Yes,Yes,Single,4
CUST_0679,23127PN0CG,Xiaomi 14,Xiaomi,2024-04-23,2024-05-12,23,900000,5G,Android 14,128,88.2,6.1,12,A17 Pro,108,No,Fingerprint,37499,42.48,10:00,51,1,2.14,Finance,1,6,37,Online Shop,Selective Contract,No,Yes,Single,3
CUST_0680,G82U8,Pixel 8,Google,2025-07-25,2025-08-02,8,850000,5G,Android 14,512,97.9,6.8,8,A17 Pro,108,Yes,Fingerprint,566666,71.23,11:00,32,3,7.66,Shopping,0,10,34,Direct Store,Device Subsidy,Yes,No,Single,2
CUST_0681,23127PN0CG,Xiaomi 14,Xiaomi,2024-07-02,2025-03-22,13,900000,5G,Android 14,512,91.6,6.8,12,A17 Pro,200,Yes,Face ID,412500,93.84,18:00,74,3,15.85,Business,3,5,27,Online Shop,Device Subsidy,No,No,Internet+TV,2
CUST_0682,23127PN0CG,Xiaomi 14,Xiaomi,2022-07-10,2023-02-11,38,900000,5G,Android 14,512,79.0,6.8,12,A17 Pro,50,Yes,Face ID,0,79.82,19:00,25,0,16.25,Business,2,1,22,Online Shop,Device Subsidy,Yes,Yes,Family,2
CUST_0683,A2894,iPhone 14,Apple,2024-07-08,2024-08-14,20,1000000,5G,iOS 17,256,85.8,6.7,6,A17 Pro,50,Yes,Face ID,166666,80.93,10:00,71,0,10.44,Finance,3,9,41,Online Shop,Device Subsidy,No,No,Family,4
CUST_0684,G82U8,Pixel 8,Google,2022-07-13,2023-05-26,35,850000,5G,Android 14,1024,76.9,6.8,12,A17 Pro,108,No,Fingerprint,0,45.19,23:00,10,1,7.33,Shopping,1,6,27,Online Shop,Device Subsidy,Yes,Yes,Internet+TV,4
CUST_0685,SM-A546,Galaxy A54,Samsung,2025-01-26,2025-05-03,11,590000,5G,Android 14,128,91.2,6.8,8,Snapdragon Gen 3,108,Yes,Fingerprint,319583,88.47,12:00,11,0,10.39,Business,2,8,23,Online Shop,Selective Contract,No,Yes,Internet+TV,1
CUST_0686,G82U8,Pixel 8,Google,2022-11-29,2023-11-25,29,850000,5G,Android 14,128,83.6,6.7,12,A17 Pro,200,No,Face ID,0,79.76,23:00,56,4,12.55,Business,1,7,22,Agency,Device Subsidy,No,Yes,Internet+TV,0
CUST_0687,G82U8,Pixel 8,Google,2022-09-18,2023-01-19,39,850000,5G,Android 14,128,76.0,6.1,16,A17 Pro,200,Yes,Fingerprint,0,73.24,14:00,37,1,8.86,Finance,1,10,38,Agency,Device Subsidy,Yes,No,Single,1
CUST_0688,A2894,iPhone 14,Apple,2022-08-23,2023-07-03,33,1000000,5G,iOS 17,256,81.6,6.8,8,A17 Pro,108,Yes,Both,0,95.76,09:00,40,4,11.01,SNS,1,6,38,Direct Store,Device Subsidy,Yes,No,Internet+TV,2
CUST_0689,23127PN0CG,Xiaomi 14,Xiaomi,2025-02-18,2025-10-26,6,900000,5G,Android 14,1024,97.8,6.7,12,A17 Pro,50,Yes,Both,750000,25.79,10:00,43,2,11.55,Business,0,3,46,Direct Store,Selective Contract,Yes,Yes,Internet+TV,1
CUST_0690,G82U8,Pixel 8,Google,2024-11-29,2024-12-27,16,850000,5G,Android 14,512,88.9,6.7,16,A17 Pro,48,Yes,Face ID,472222,77.18,22:00,51,1,11.59,Shopping,1,3,22,Online Shop,Device Subsidy,Yes,No,Family,0
CUST_0691,A3102,iPhone 15,Apple,2025-08-10,2025-09-01,7,1250000,5G,iOS 17,512,97.4,6.8,8,A17 Pro,200,No,Both,1006944,62.63,06:00,57,5,10.29,SNS,1,9,30,Online Shop,Device Subsidy,Yes,Yes,Family,2
CUST_0692,A3106,iPhone 15 Pro,Apple,2025-05-12,2026-03-01,1,1550000,5G,iOS 17,512,97.1,6.1,6,A17 Pro,48,Yes,Fingerprint,1485416,37.95,20:00,83,1,15.58,Finance,2,1,20,Direct Store,Device Subsidy,No,No,Internet+TV,4
CUST_0693,A3102,iPhone 15,Apple,2022-05-22,2022-08-30,44,1250000,5G,iOS 17,128,75.0,6.8,8,A17 Pro,48,Yes,Fingerprint,0,12.85,12:00,16,5,3.02,SNS,0,4,23,Online Shop,Selective Contract,No,No,Internet+TV,1
CUST_0694,SM-S921,Galaxy S24,Samsung,2022-06-04,2023-05-14,35,1150000,5G,Android 14,128,76.7,6.1,8,Snapdragon Gen 3,48,Yes,Both,31944,43.26,23:00,14,3,2.72,Video,3,4,24,Agency,Device Subsidy,Yes,No,Internet+TV,1
CUST_0695,G82U8,Pixel 8,Google,2023-12-06,2024-03-21,25,850000,5G,Android 14,128,86.0,6.8,12,A17 Pro,48,Yes,Face ID,259722,66.81,05:00,22,0,5.69,Shopping,3,9,22,Direct Store,Device Subsidy,No,Yes,Single,4
CUST_0696,23127PN0CG,Xiaomi 14,Xiaomi,2025-02-05,2025-02-13,14,900000,5G,Android 14,256,92.8,6.7,16,A17 Pro,200,Yes,Both,550000,99.48,23:00,10,1,14.31,Shopping,2,3,42,Agency,Selective Contract,Yes,Yes,Single,3
CUST_0697,SM-S921,Galaxy S24,Samsung,2024-04-10,2024-07-16,21,1150000,5G,Android 14,1024,90.0,6.7,12,Snapdragon Gen 3,50,Yes,Fingerprint,479166,56.27,08:00,19,5,15.57,Game,1,8,47,Online Shop,Selective Contract,Yes,No,Internet+TV,1
CUST_0698,G82U8,Pixel 8,Google,2022-09-11,2023-05-22,35,850000,5G,Android 14,512,76.4,6.8,8,A17 Pro,200,No,Both,0,47.1,00:00,62,1,2.6,Video,0,6,28,Direct Store,Device Subsidy,Yes,Yes,Internet+TV,2
CUST_0699,SM-S921,Galaxy S24,Samsung,2025-06-28,2025-08-30,8,1150000,5G,Android 14,128,95.9,6.8,16,Snapdragon Gen 3,200,No,Face ID,894444,95.88,09:00,89,0,7.42,Shopping,2,6,27,Direct Store,Device Subsidy,Yes,No,Family,0
CUST_0700,A3106,iPhone 15 Pro,Apple,2023-03-26,2023-11-03,29,1550000,5G,iOS 17,128,80.3,6.8,6,A17 Pro,48,Yes,Fingerprint,0,78.07,23:00,62,4,4.6,Business,3,5,42,Online Shop,Selective Contract,Yes,No,Internet+TV,0
CUST_0701,SM-A546,Galaxy A54,Samsung,2025-04-10,2026-03-19,1,590000,5G,Android 14,512,99.1,6.8,8,Snapdragon Gen 3,108,Yes,Face ID,565416,61.31,02:00,35,4,0.85,Business,0,4,19,Direct Store,Device Subsidy,No,Yes,Single,2
CUST_0702,23127PN0CG,Xiaomi 14,Xiaomi,2023-01-23,2023-06-25,34,900000,5G,Android 14,256,81.4,6.1,8,A17 Pro,48,No,Fingerprint,0,15.85,11:00,78,4,13.53,Business,3,7,37,Direct Store,Selective Contract,Yes,Yes,Single,4
CUST_0703,SM-S928,Galaxy S24 Ultra,Samsung,2024-09-14,2025-08-23,8,1690000,5G,Android 14,256,95.8,6.7,12,Snapdragon Gen 3,200,No,Face ID,1126666,83.15,04:00,20,2,11.7,Shopping,1,3,40,Direct Store,Device Subsidy,Yes,Yes,Family,3
CUST_0704,G82U8,Pixel 8,Google,2025-04-04,2025-09-10,7,850000,5G,Android 14,512,96.6,6.1,8,A17 Pro,200,No,Both,602083,76.73,14:00,25,2,0.75,Finance,2,10,25,Agency,Device Subsidy,No,Yes,Family,1
CUST_0705,SM-S928,Galaxy S24 Ultra,Samsung,2024-11-08,2024-11-29,17,1690000,5G,Android 14,512,90.5,6.7,16,Snapdragon Gen 3,200,No,Both,492916,81.74,16:00,73,5,4.47,Game,1,8,36,Direct Store,Device Subsidy,No,No,Internet+TV,4
CUST_0706,23127PN0CG,Xiaomi 14,Xiaomi,2023-07-08,2024-01-19,27,900000,5G,Android 14,128,81.7,6.1,12,A17 Pro,200,No,Fingerprint,225000,32.23,07:00,32,2,8.74,SNS,2,10,36,Online Shop,Selective Contract,Yes,Yes,Internet+TV,2
CUST_0707,A3106,iPhone 15 Pro,Apple,2025-01-14,2025-01-27,15,1550000,5G,iOS 17,256,90.8,6.8,6,A17 Pro,48,Yes,Face ID,904166,82.88,01:00,30,5,13.31,Game,2,2,45,Agency,Device Subsidy,Yes,No,Internet+TV,4
CUST_0708,G82U8,Pixel 8,Google,2025-03-11,2025-04-22,12,850000,5G,Android 14,1024,95.6,6.8,8,A17 Pro,48,No,Face ID,566666,93.14,09:00,78,1,3.21,Game,3,6,34,Agency,Device Subsidy,No,No,Family,0
CUST_0709,A3102,iPhone 15,Apple,2025-09-04,2026-01-14,3,1250000,5G,iOS 17,128,97.7,6.1,6,A17 Pro,50,No,Both,1145833,49.96,02:00,48,4,8.06,Finance,0,3,34,Direct Store,Selective Contract,Yes,No,Internet+TV,4
CUST_0710,A3106,iPhone 15 Pro,Apple,2023-08-15,2024-06-06,22,1550000,5G,iOS 17,1024,87.8,6.8,8,A17 Pro,50,Yes,Face ID,129166,30.38,02:00,84,3,2.25,Business,0,8,46,Agency,Device Subsidy,Yes,No,Family,4
CUST_0711,A3106,iPhone 15 Pro,Apple,2023-09-15,2024-03-14,25,1550000,5G,iOS 17,128,86.7,6.8,8,A17 Pro,50,No,Both,473611,60.2,01:00,87,3,14.04,Video,3,7,35,Online Shop,Selective Contract,No,Yes,Family,3
CUST_0712,23127PN0CG,Xiaomi 14,Xiaomi,2025-06-16,2026-01-29,3,900000,5G,Android 14,128,96.1,6.1,8,A17 Pro,108,Yes,Both,825000,14.71,13:00,45,4,10.93,Game,1,5,35,Direct Store,Device Subsidy,Yes,No,Single,2
CUST_0713,G82U8,Pixel 8,Google,2024-12-21,2025-09-16,7,850000,5G,Android 14,1024,96.4,6.8,8,A17 Pro,48,No,Fingerprint,602083,45.37,06:00,24,4,17.92,Finance,1,6,39,Agency,Device Subsidy,Yes,No,Single,1
CUST_0714,A3106,iPhone 15 Pro,Apple,2023-07-15,2023-07-15,33,1550000,5G,iOS 17,512,78.3,6.7,8,A17 Pro,48,No,Face ID,0,9.16,22:00,12,1,7.21,Video,2,8,22,Direct Store,Device Subsidy,Yes,No,Family,0
CUST_0715,A2894,iPhone 14,Apple,2024-03-13,2024-07-31,21,1000000,5G,iOS 17,128,89.1,6.1,8,A17 Pro,200,Yes,Both,416666,43.2,04:00,43,4,10.76,Shopping,0,9,35,Agency,Device Subsidy,No,No,Internet+TV,1
CUST_0716,SM-S928,Galaxy S24 Ultra,Samsung,2025-05-16,2025-12-28,4,1690000,5G,Android 14,512,97.1,6.7,16,Snapdragon Gen 3,50,No,Both,1408333,79.79,12:00,43,4,8.44,Finance,1,10,30,Agency,Selective Contract,No,No,Internet+TV,2
CUST_0717,SM-S928,Galaxy S24 Ultra,Samsung,2023-11-30,2024-09-26,19,1690000,5G,Android 14,512,91.5,6.8,8,Snapdragon Gen 3,50,Yes,Both,352083,15.51,15:00,56,1,13.94,Business,0,6,21,Online Shop,Selective Contract,Yes,No,Internet+TV,0
CUST_0718,A2894,iPhone 14,Apple,2022-10-21,2023-08-01,32,1000000,5G,iOS 17,1024,79.0,6.8,6,A17 Pro,48,No,Face ID,111111,28.61,11:00,86,0,7.58,Game,0,1,37,Agency,Selective Contract,Yes,No,Internet+TV,4
CUST_0719,23127PN0CG,Xiaomi 14,Xiaomi,2025-07-22,2025-12-19,4,900000,5G,Android 14,1024,100.6,6.8,16,A17 Pro,200,No,Face ID,800000,79.62,13:00,16,2,15.78,Video,1,1,44,Direct Store,Selective Contract,No,No,Family,3
CUST_0720,23127PN0CG,Xiaomi 14,Xiaomi,2022-08-14,2023-04-01,36,900000,5G,Android 14,512,80.0,6.8,16,A17 Pro,48,No,Fingerprint,0,23.27,07:00,57,2,15.98,Business,1,3,42,Direct Store,Selective Contract,No,Yes,Single,3
CUST_0721,23127PN0CG,Xiaomi 14,Xiaomi,2024-07-15,2024-08-11,20,900000,5G,Android 14,128,89.2,6.1,8,A17 Pro,50,Yes,Face ID,400000,20.23,05:00,67,3,19.29,Business,3,5,30,Online Shop,Selective Contract,Yes,No,Single,0
CUST_0722,SM-S921,Galaxy S24,Samsung,2024-03-30,2025-03-28,13,1150000,5G,Android 14,128,89.8,6.8,16,Snapdragon Gen 3,200,Yes,Fingerprint,734722,55.67,17:00,11,0,9.49,Shopping,3,8,40,Direct Store,Device Subsidy,Yes,Yes,Single,4
CUST_0723,23127PN0CG,Xiaomi 14,Xiaomi,2025-09-29,2026-02-15,2,900000,5G,Android 14,1024,96.6,6.1,16,A17 Pro,200,Yes,Fingerprint,850000,80.29,23:00,24,1,1.07,Shopping,2,4,41,Direct Store,Selective Contract,Yes,No,Family,4
CUST_0724,G82U8,Pixel 8,Google,2023-03-27,2024-01-04,27,850000,5G,Android 14,512,86.6,6.7,16,A17 Pro,50,No,Fingerprint,0,40.01,03:00,81,5,15.02,Shopping,2,5,29,Direct Store,Device Subsidy,Yes,No,Family,2
CUST_0725,23127PN0CG,Xiaomi 14,Xiaomi,2023-03-15,2023-09-04,31,900000,5G,Android 14,256,83.6,6.1,8,A17 Pro,200,No,Both,0,15.58,19:00,72,5,18.8,Finance,0,8,32,Direct Store,Device Subsidy,Yes,No,Internet+TV,1
CUST_0726,G82U8,Pixel 8,Google,2025-08-25,2025-12-01,4,850000,5G,Android 14,1024,98.7,6.7,16,A17 Pro,48,Yes,Fingerprint,708333,90.29,19:00,59,1,16.53,Video,2,4,19,Direct Store,Device Subsidy,No,Yes,Family,4
CUST_0727,A3106,iPhone 15 Pro,Apple,2024-07-13,2024-12-16,16,1550000,5G,iOS 17,128,87.6,6.8,8,A17 Pro,200,No,Both,516666,53.9,09:00,75,0,16.85,Video,1,5,26,Direct Store,Selective Contract,No,No,Family,0
CUST_0728,A2894,iPhone 14,Apple,2023-10-17,2024-10-03,18,1000000,5G,iOS 17,128,89.1,6.8,6,A17 Pro,48,No,Fingerprint,250000,47.78,20:00,86,0,2.94,Business,2,9,41,Direct Store,Selective Contract,Yes,Yes,Family,2
CUST_0729,G82U8,Pixel 8,Google,2023-02-18,2023-04-12,36,850000,5G,Android 14,512,80.4,6.1,8,A17 Pro,48,No,Both,0,29.11,08:00,32,2,2.64,SNS,1,10,32,Online Shop,Device Subsidy,Yes,Yes,Single,0
CUST_0730,G82U8,Pixel 8,Google,2023-08-16,2023-11-04,29,850000,5G,Android 14,256,85.5,6.8,8,A17 Pro,50,Yes,Fingerprint,0,72.61,01:00,24,0,3.7,SNS,0,1,20,Agency,Selective Contract,No,No,Family,0
CUST_0731,SM-S921,Galaxy S24,Samsung,2022-12-21,2023-11-09,29,1150000,5G,Android 14,1024,83.9,6.1,12,Snapdragon Gen 3,50,No,Face ID,0,6.06,02:00,46,0,18.35,SNS,2,6,38,Online Shop,Device Subsidy,Yes,No,Family,3
CUST_0732,A3102,iPhone 15,Apple,2024-01-21,2024-06-27,22,1250000,5G,iOS 17,1024,89.0,6.1,6,A17 Pro,48,Yes,Both,486111,84.05,00:00,68,3,18.32,Game,2,5,48,Direct Store,Selective Contract,No,Yes,Family,0
CUST_0733,SM-S928,Galaxy S24 Ultra,Samsung,2023-05-24,2024-04-30,24,1690000,5G,Android 14,1024,85.1,6.8,12,Snapdragon Gen 3,108,No,Fingerprint,0,12.01,22:00,21,5,16.81,SNS,2,1,43,Direct Store,Selective Contract,Yes,No,Internet+TV,4
CUST_0734,23127PN0CG,Xiaomi 14,Xiaomi,2025-08-02,2026-04-04,0,900000,5G,Android 14,128,99.2,6.8,8,A17 Pro,108,Yes,Face ID,900000,45.84,17:00,82,4,12.44,SNS,3,10,32,Online Shop,Device Subsidy,No,Yes,Family,4
CUST_0735,G82U8,Pixel 8,Google,2023-10-12,2023-10-27,30,850000,5G,Android 14,512,83.8,6.7,8,A17 Pro,200,No,Fingerprint,141666,22.16,22:00,86,1,2.53,Game,1,7,46,Agency,Selective Contract,No,Yes,Family,0
CUST_0736,23127PN0CG,Xiaomi 14,Xiaomi,2022-09-19,2022-09-21,43,900000,5G,Android 14,512,76.8,6.7,12,A17 Pro,108,Yes,Face ID,0,79.48,15:00,68,2,14.12,Finance,1,8,27,Direct Store,Device Subsidy,Yes,Yes,Internet+TV,4
CUST_0737,A3106,iPhone 15 Pro,Apple,2025-04-21,2026-02-26,2,1550000,5G,iOS 17,1024,101.4,6.1,6,A17 Pro,200,No,Both,1463888,30.3,18:00,19,3,1.07,Finance,2,6,26,Online Shop,Device Subsidy,No,No,Family,3
CUST_0738,SM-S928,Galaxy S24 Ultra,Samsung,2023-05-19,2024-02-01,26,1690000,5G,Android 14,256,81.4,6.7,12,Snapdragon Gen 3,48,Yes,Both,0,17.0,01:00,18,5,7.99,Finance,2,7,26,Online Shop,Selective Contract,Yes,Yes,Single,2
CUST_0739,G82U8,Pixel 8,Google,2022-12-31,2023-03-24,37,850000,5G,Android 14,512,80.1,6.1,12,A17 Pro,50,Yes,Both,0,5.48,08:00,67,1,1.8,Business,0,7,48,Agency,Selective Contract,Yes,No,Single,0
CUST_0740,23127PN0CG,Xiaomi 14,Xiaomi,2025-04-22,2025-06-20,10,900000,5G,Android 14,512,96.8,6.1,16,A17 Pro,48,No,Fingerprint,524999,85.16,13:00,20,5,17.6,Finance,2,4,48,Direct Store,Device Subsidy,Yes,Yes,Single,0
CUST_0741,G82U8,Pixel 8,Google,2023-05-29,2024-03-27,25,850000,5G,Android 14,512,86.1,6.7,16,A17 Pro,48,No,Both,0,95.91,22:00,51,5,5.86,Finance,1,10,34,Direct Store,Selective Contract,Yes,No,Family,1
CUST_0742,23127PN0CG,Xiaomi 14,Xiaomi,2023-03-04,2023-05-02,35,900000,5G,Android 14,1024,81.0,6.8,16,A17 Pro,50,No,Fingerprint,0,96.14,09:00,78,0,4.26,Finance,0,1,26,Direct Store,Device Subsidy,Yes,No,Internet+TV,4
CUST_0743,G82U8,Pixel 8,Google,2024-10-16,2024-11-20,17,850000,5G,Android 14,1024,92.2,6.8,12,A17 Pro,200,No,Both,247916,97.23,07:00,53,1,8.41,Game,3,5,35,Direct Store,Device Subsidy,No,No,Single,4
CUST_0744,A2894,iPhone 14,Apple,2024-05-30,2024-10-30,18,1000000,5G,iOS 17,256,89.5,6.1,8,A17 Pro,108,No,Fingerprint,250000,35.2,17:00,16,2,6.68,Business,3,5,40,Online Shop,Selective Contract,No,No,Internet+TV,2
CUST_0745,23127PN0CG,Xiaomi 14,Xiaomi,2023-10-12,2024-05-02,23,900000,5G,Android 14,256,84.4,6.1,16,A17 Pro,48,No,Face ID,37499,74.27,03:00,15,3,12.58,Video,0,10,21,Online Shop,Device Subsidy,Yes,Yes,Family,4
CUST_0746,G82U8,Pixel 8,Google,2022-06-14,2023-05-31,35,850000,5G,Android 14,128,76.9,6.7,16,A17 Pro,200,Yes,Both,23611,71.9,22:00,32,1,12.68,Business,2,4,28,Direct Store,Device Subsidy,Yes,Yes,Single,1
CUST_0747,A3106,iPhone 15 Pro,Apple,2024-01-23,2024-11-07,17,1550000,5G,iOS 17,512,92.0,6.7,6,A17 Pro,48,No,Fingerprint,452083,6.0,10:00,37,5,18.61,Video,2,8,38,Agency,Selective Contract,Yes,No,Family,0
CUST_0748,G82U8,Pixel 8,Google,2023-05-03,2024-04-27,24,850000,5G,Android 14,256,87.7,6.1,12,A17 Pro,108,Yes,Fingerprint,283333,61.52,21:00,18,0,0.19,Business,2,10,24,Direct Store,Device Subsidy,Yes,Yes,Single,2
CUST_0749,23127PN0CG,Xiaomi 14,Xiaomi,2025-08-23,2025-12-10,4,900000,5G,Android 14,1024,94.9,6.8,12,A17 Pro,48,Yes,Both,800000,11.12,10:00,88,4,17.84,Shopping,2,6,42,Online Shop,Selective Contract,No,Yes,Single,2
CUST_0750,G82U8,Pixel 8,Google,2025-08-19,2025-09-18,7,850000,5G,Android 14,1024,98.6,6.7,16,A17 Pro,200,Yes,Fingerprint,602083,66.19,17:00,59,5,8.78,Video,0,4,33,Agency,Selective Contract,Yes,Yes,Internet+TV,1
CUST_0751,23127PN0CG,Xiaomi 14,Xiaomi,2022-07-25,2023-07-17,33,900000,5G,Android 14,512,82.4,6.7,12,A17 Pro,200,Yes,Face ID,0,5.26,10:00,11,1,3.21,Video,0,2,33,Online Shop,Selective Contract,No,No,Single,3
CUST_0752,A3106,iPhone 15 Pro,Apple,2025-03-24,2025-11-14,5,1550000,5G,iOS 17,512,95.1,6.8,6,A17 Pro,50,Yes,Face ID,1227083,64.63,10:00,22,0,0.3,Game,0,7,44,Agency,Device Subsidy,No,Yes,Single,4
CUST_0753,G82U8,Pixel 8,Google,2024-06-16,2024-06-23,22,850000,5G,Android 14,256,89.1,6.7,12,A17 Pro,50,Yes,Both,70833,13.4,00:00,46,5,6.69,Business,2,10,35,Agency,Selective Contract,No,Yes,Single,1
CUST_0754,G82U8,Pixel 8,Google,2024-11-17,2025-06-07,10,850000,5G,Android 14,128,92.4,6.1,8,A17 Pro,50,No,Face ID,495833,44.81,11:00,76,1,1.55,Business,3,1,40,Agency,Device Subsidy,Yes,No,Single,0
CUST_0755,23127PN0CG,Xiaomi 14,Xiaomi,2024-07-21,2025-07-21,9,900000,5G,Android 14,128,92.7,6.1,8,A17 Pro,50,Yes,Face ID,675000,71.54,16:00,25,4,11.46,Business,0,6,36,Online Shop,Selective Contract,Yes,Yes,Internet+TV,3
CUST_0756,A2894,iPhone 14,Apple,2023-09-27,2024-03-15,25,1000000,5G,iOS 17,128,86.4,6.7,8,A17 Pro,50,Yes,Face ID,305555,59.05,17:00,76,0,14.18,Video,1,8,35,Agency,Device Subsidy,Yes,No,Internet+TV,1
CUST_0757,G82U8,Pixel 8,Google,2022-12-19,2023-05-09,35,850000,5G,Android 14,512,81.8,6.8,8,A17 Pro,50,Yes,Both,23611,87.29,15:00,30,0,1.08,Shopping,1,10,27,Agency,Device Subsidy,Yes,Yes,Internet+TV,1
CUST_0758,SM-S928,Galaxy S24 Ultra,Samsung,2025-04-28,2025-09-17,7,1690000,5G,Android 14,512,95.7,6.8,8,Snapdragon Gen 3,48,Yes,Face ID,1361388,67.21,11:00,83,4,14.21,Finance,0,3,41,Agency,Device Subsidy,Yes,Yes,Internet+TV,1
CUST_0759,SM-S928,Galaxy S24 Ultra,Samsung,2024-12-25,2025-04-16,12,1690000,5G,Android 14,256,90.6,6.1,16,Snapdragon Gen 3,48,Yes,Face ID,1126666,52.31,22:00,34,0,17.97,SNS,0,7,28,Online Shop,Selective Contract,No,No,Single,0
CUST_0760,SM-S928,Galaxy S24 Ultra,Samsung,2022-06-26,2022-10-22,42,1690000,5G,Android 14,1024,75.0,6.8,8,Snapdragon Gen 3,50,Yes,Fingerprint,0,42.8,21:00,12,5,3.24,Shopping,0,7,39,Agency,Device Subsidy,No,No,Family,4
CUST_0761,SM-S921,Galaxy S24,Samsung,2022-07-22,2023-04-19,36,1150000,5G,Android 14,256,76.1,6.8,16,Snapdragon Gen 3,108,Yes,Both,0,30.05,12:00,60,1,3.02,Game,1,2,31,Direct Store,Device Subsidy,Yes,No,Family,4
CUST_0762,23127PN0CG,Xiaomi 14,Xiaomi,2023-08-13,2024-04-04,24,900000,5G,Android 14,128,84.9,6.1,16,A17 Pro,200,No,Face ID,300000,93.34,01:00,48,4,5.74,Video,2,1,32,Direct Store,Selective Contract,Yes,No,Internet+TV,1
CUST_0763,A2894,iPhone 14,Apple,2023-06-26,2023-12-19,28,1000000,5G,iOS 17,128,82.0,6.1,6,A17 Pro,50,No,Fingerprint,222222,20.89,13:00,25,0,5.91,SNS,2,4,43,Direct Store,Device Subsidy,No,No,Family,1
CUST_0764,SM-A546,Galaxy A54,Samsung,2022-12-07,2023-08-26,32,590000,5G,Android 14,128,81.0,6.8,16,Snapdragon Gen 3,48,No,Fingerprint,65555,95.17,20:00,40,5,6.22,Finance,0,10,36,Agency,Selective Contract,No,Yes,Single,4
CUST_0765,23127PN0CG,Xiaomi 14,Xiaomi,2025-01-25,2025-06-18,10,900000,5G,Android 14,1024,96.8,6.8,8,A17 Pro,108,Yes,Fingerprint,524999,89.45,07:00,43,1,18.99,Game,1,2,20,Agency,Selective Contract,No,No,Single,2
CUST_0766,23127PN0CG,Xiaomi 14,Xiaomi,2023-03-15,2023-09-30,31,900000,5G,Android 14,512,81.4,6.8,16,A17 Pro,108,No,Fingerprint,124999,43.13,11:00,40,3,7.41,Business,2,7,30,Agency,Selective Contract,Yes,No,Single,2
CUST_0767,A3102,iPhone 15,Apple,2024-10-29,2025-04-22,12,1250000,5G,iOS 17,512,92.0,6.8,8,A17 Pro,48,No,Fingerprint,625000,59.41,12:00,86,1,6.46,Video,3,7,27,Direct Store,Device Subsidy,Yes,Yes,Single,3
CUST_0768,23127PN0CG,Xiaomi 14,Xiaomi,2024-06-23,2024-12-28,16,900000,5G,Android 14,128,89.0,6.7,8,A17 Pro,108,Yes,Fingerprint,500000,16.64,05:00,63,0,6.02,Video,2,4,40,Online Shop,Selective Contract,No,Yes,Internet+TV,3
CUST_0769,A3102,iPhone 15,Apple,2025-09-19,2025-10-04,6,1250000,5G,iOS 17,128,96.4,6.1,6,A17 Pro,48,No,Both,1041666,92.38,17:00,67,0,18.32,Shopping,2,6,23,Online Shop,Selective Contract,No,Yes,Family,4
CUST_0770,G82U8,Pixel 8,Google,2024-04-28,2025-04-11,12,850000,5G,Android 14,1024,90.1,6.1,16,A17 Pro,48,No,Face ID,566666,23.43,23:00,28,1,18.1,Business,3,3,36,Direct Store,Selective Contract,No,No,Single,1
CUST_0771,G82U8,Pixel 8,Google,2025-03-12,2025-08-01,8,850000,5G,Android 14,128,96.1,6.8,16,A17 Pro,108,Yes,Face ID,566666,92.88,17:00,18,0,18.55,Video,2,9,39,Online Shop,Device Subsidy,Yes,Yes,Family,1
CUST_0772,A3102,iPhone 15,Apple,2024-02-01,2024-05-06,23,1250000,5G,iOS 17,512,86.0,6.1,8,A17 Pro,50,Yes,Fingerprint,52083,16.39,12:00,77,5,13.88,Business,1,1,24,Online Shop,Device Subsidy,No,No,Family,1
CUST_0773,G82U8,Pixel 8,Google,2025-09-02,2026-04-03,0,850000,5G,Android 14,256,100.5,6.7,8,A17 Pro,108,No,Both,850000,79.49,21:00,37,1,2.97,SNS,3,4,40,Agency,Device Subsidy,Yes,Yes,Family,2
CUST_0774,G82U8,Pixel 8,Google,2023-11-01,2024-02-24,26,850000,5G,Android 14,256,82.8,6.7,8,A17 Pro,200,No,Fingerprint,236111,13.28,01:00,80,3,0.91,SNS,3,10,33,Online Shop,Device Subsidy,Yes,No,Single,0
CUST_0775,SM-S928,Galaxy S24 Ultra,Samsung,2025-02-13,2025-05-03,11,1690000,5G,Android 14,1024,91.0,6.8,16,Snapdragon Gen 3,50,Yes,Face ID,915416,89.83,21:00,90,3,18.46,Video,2,7,33,Online Shop,Selective Contract,No,No,Single,1
CUST_0776,A3102,iPhone 15,Apple,2024-12-18,2025-02-28,14,1250000,5G,iOS 17,256,94.1,6.8,8,A17 Pro,108,Yes,Face ID,520833,65.3,17:00,82,1,14.35,Finance,1,3,41,Direct Store,Selective Contract,Yes,No,Single,4
CUST_0777,23127PN0CG,Xiaomi 14,Xiaomi,2023-09-26,2024-08-26,20,900000,5G,Android 14,128,90.4,6.8,16,A17 Pro,200,Yes,Fingerprint,149999,84.15,20:00,24,4,1.11,Business,3,5,21,Online Shop,Device Subsidy,No,No,Single,4
CUST_0778,23127PN0CG,Xiaomi 14,Xiaomi,2022-09-02,2023-02-14,38,900000,5G,Android 14,256,75.0,6.7,8,A17 Pro,200,Yes,Both,0,25.88,09:00,61,1,11.42,Finance,3,6,30,Online Shop,Selective Contract,No,No,Single,2
CUST_0779,23127PN0CG,Xiaomi 14,Xiaomi,2022-08-19,2022-09-25,43,900000,5G,Android 14,256,76.8,6.7,16,A17 Pro,108,Yes,Fingerprint,0,39.99,18:00,53,2,8.57,Game,0,10,41,Direct Store,Device Subsidy,No,No,Internet+TV,3
CUST_0780,23127PN0CG,Xiaomi 14,Xiaomi,2025-06-25,2026-02-24,2,900000,5G,Android 14,128,100.7,6.7,8,A17 Pro,48,Yes,Both,825000,29.09,20:00,73,0,2.72,Finance,0,3,27,Online Shop,Device Subsidy,Yes,No,Internet+TV,3
CUST_0781,G82U8,Pixel 8,Google,2023-07-18,2023-08-05,32,850000,5G,Android 14,1024,79.1,6.7,8,A17 Pro,48,Yes,Fingerprint,0,45.5,14:00,59,5,15.29,Business,2,10,48,Agency,Selective Contract,No,No,Single,1
CUST_0782,23127PN0CG,Xiaomi 14,Xiaomi,2025-03-04,2026-01-06,3,900000,5G,Android 14,128,99.0,6.1,8,A17 Pro,108,Yes,Fingerprint,825000,36.24,03:00,28,0,3.17,Shopping,0,6,44,Online Shop,Selective Contract,No,No,Family,2
CUST_0783,G82U8,Pixel 8,Google,2023-02-17,2023-02-20,38,850000,5G,Android 14,128,75.0,6.7,12,A17 Pro,108,No,Both,0,96.98,21:00,65,3,8.02,Shopping,3,10,32,Direct Store,Device Subsidy,No,Yes,Family,2
CUST_0784,G82U8,Pixel 8,Google,2024-05-18,2024-11-03,17,850000,5G,Android 14,128,86.9,6.8,8,A17 Pro,200,Yes,Fingerprint,247916,38.54,18:00,59,2,11.3,Shopping,1,8,32,Online Shop,Device Subsidy,No,Yes,Internet+TV,3
CUST_0785,A3106,iPhone 15 Pro,Apple,2024-08-31,2024-09-25,19,1550000,5G,iOS 17,512,89.2,6.7,6,A17 Pro,50,Yes,Face ID,322916,22.03,13:00,36,3,5.99,Game,2,10,27,Agency,Selective Contract,No,No,Family,3
CUST_0786,G82U8,Pixel 8,Google,2024-02-23,2024-08-10,20,850000,5G,Android 14,512,90.2,6.7,16,A17 Pro,108,Yes,Face ID,377777,75.81,19:00,25,3,11.39,Shopping,1,10,25,Agency,Selective Contract,No,No,Family,1
CUST_0787,23127PN0CG,Xiaomi 14,Xiaomi,2024-05-04,2024-05-12,23,900000,5G,Android 14,256,84.1,6.8,12,A17 Pro,50,No,Both,37499,61.37,06:00,83,5,16.35,Finance,2,2,25,Online Shop,Device Subsidy,Yes,No,Single,0
CUST_0788,A3102,iPhone 15,Apple,2023-02-19,2023-03-13,37,1250000,5G,iOS 17,1024,76.8,6.8,8,A17 Pro,108,No,Face ID,0,23.31,18:00,26,1,0.75,Game,0,5,26,Agency,Selective Contract,No,No,Single,1
CUST_0789,A2894,iPhone 14,Apple,2025-07-07,2025-07-21,9,1000000,5G,iOS 17,256,97.0,6.1,6,A17 Pro,200,No,Face ID,750000,15.13,11:00,77,5,11.9,SNS,2,10,28,Agency,Selective Contract,Yes,No,Single,4
CUST_0790,A3102,iPhone 15,Apple,2024-05-10,2025-05-06,11,1250000,5G,iOS 17,512,93.7,6.7,8,A17 Pro,200,Yes,Fingerprint,677083,29.64,02:00,38,4,11.01,Game,1,5,46,Online Shop,Device Subsidy,No,Yes,Internet+TV,1
CUST_0791,SM-S921,Galaxy S24,Samsung,2024-09-22,2025-02-27,14,1150000,5G,Android 14,1024,90.4,6.8,8,Snapdragon Gen 3,48,No,Fingerprint,702777,43.62,21:00,67,5,11.59,Shopping,3,9,44,Online Shop,Device Subsidy,No,Yes,Internet+TV,2
CUST_0792,G82U8,Pixel 8,Google,2024-12-17,2025-11-16,5,850000,5G,Android 14,128,97.9,6.7,8,A17 Pro,200,No,Fingerprint,731944,46.62,01:00,48,1,16.83,Game,1,4,35,Direct Store,Device Subsidy,Yes,Yes,Internet+TV,4
CUST_0793,23127PN0CG,Xiaomi 14,Xiaomi,2023-08-18,2024-02-07,26,900000,5G,Android 14,256,84.1,6.1,8,A17 Pro,50,Yes,Both,250000,74.33,04:00,89,1,0.19,Game,1,6,30,Agency,Device Subsidy,Yes,Yes,Single,1
CUST_0794,SM-S921,Galaxy S24,Samsung,2024-09-17,2025-01-24,15,1150000,5G,Android 14,1024,90.8,6.1,16,Snapdragon Gen 3,200,No,Face ID,431250,74.74,00:00,66,3,2.84,Business,2,6,25,Agency,Device Subsidy,Yes,No,Internet+TV,2
CUST_0795,A3102,iPhone 15,Apple,2025-05-19,2025-08-15,8,1250000,5G,iOS 17,256,96.6,6.1,6,A17 Pro,48,Yes,Face ID,972222,82.53,22:00,26,0,2.54,Video,3,2,48,Agency,Device Subsidy,Yes,No,Internet+TV,1
CUST_0796,A2894,iPhone 14,Apple,2025-01-28,2025-06-26,10,1000000,5G,iOS 17,128,96.3,6.8,8,A17 Pro,108,No,Both,583333,46.74,03:00,70,5,12.72,Business,2,5,31,Online Shop,Device Subsidy,No,Yes,Family,2
CUST_0797,A2894,iPhone 14,Apple,2023-05-08,2023-07-25,33,1000000,5G,iOS 17,1024,81.0,6.1,6,A17 Pro,50,No,Both,83333,53.05,01:00,84,5,6.86,Business,2,5,47,Agency,Device Subsidy,Yes,No,Single,1
CUST_0798,G82U8,Pixel 8,Google,2024-10-10,2024-11-30,17,850000,5G,Android 14,256,87.3,6.7,16,A17 Pro,48,Yes,Both,247916,16.33,11:00,80,3,16.15,Finance,0,2,32,Online Shop,Selective Contract,No,Yes,Internet+TV,1
CUST_0799,A3106,iPhone 15 Pro,Apple,2025-03-28,2026-01-22,3,1550000,5G,iOS 17,512,99.4,6.8,6,A17 Pro,200,Yes,Fingerprint,1356250,61.83,05:00,28,3,18.91,Finance,2,4,25,Agency,Selective Contract,Yes,Yes,Single,2
CUST_0800,23127PN0CG,Xiaomi 14,Xiaomi,2025-01-04,2025-03-02,13,900000,5G,Android 14,1024,90.3,6.7,16,A17 Pro,200,Yes,Fingerprint,575000,70.08,23:00,10,5,10.79,SNS,1,5,27,Direct Store,Selective Contract,Yes,No,Internet+TV,4
CUST_0801,G82U8,Pixel 8,Google,2025-10-02,2026-02-17,2,850000,5G,Android 14,1024,95.9,6.7,16,A17 Pro,200,No,Fingerprint,779166,5.98,19:00,50,1,15.76,Business,3,5,37,Agency,Device Subsidy,No,No,Internet+TV,1
CUST_0802,A2894,iPhone 14,Apple,2024-01-17,2024-08-16,20,1000000,5G,iOS 17,256,86.6,6.7,8,A17 Pro,50,Yes,Face ID,444444,92.52,18:00,29,0,8.37,Business,2,9,20,Online Shop,Device Subsidy,Yes,No,Internet+TV,1
CUST_0803,A2894,iPhone 14,Apple,2024-03-20,2024-05-18,23,1000000,5G,iOS 17,128,85.1,6.1,8,A17 Pro,108,No,Fingerprint,361111,25.74,13:00,41,3,13.37,SNS,3,3,44,Agency,Selective Contract,Yes,Yes,Family,3
CUST_0804,SM-S928,Galaxy S24 Ultra,Samsung,2024-05-14,2025-03-29,13,1690000,5G,Android 14,128,93.1,6.1,16,Snapdragon Gen 3,48,Yes,Both,1079722,14.22,17:00,15,0,5.45,Shopping,1,3,20,Agency,Device Subsidy,Yes,Yes,Single,1
CUST_0805,SM-S928,Galaxy S24 Ultra,Samsung,2024-02-28,2024-11-15,17,1690000,5G,Android 14,128,91.1,6.8,12,Snapdragon Gen 3,200,No,Face ID,492916,87.62,00:00,23,4,2.19,Video,2,9,35,Online Shop,Selective Contract,No,No,Single,0
CUST_0806,SM-S928,Galaxy S24 Ultra,Samsung,2024-10-28,2025-08-15,8,1690000,5G,Android 14,1024,94.9,6.7,16,Snapdragon Gen 3,108,No,Both,1314444,28.23,12:00,46,3,14.98,Finance,0,10,31,Agency,Device Subsidy,Yes,No,Internet+TV,1
CUST_0807,SM-A546,Galaxy A54,Samsung,2025-01-11,2025-08-22,8,590000,5G,Android 14,256,93.3,6.7,16,Snapdragon Gen 3,48,Yes,Face ID,393333,22.39,05:00,88,2,10.64,Game,2,8,48,Agency,Device Subsidy,Yes,No,Internet+TV,3
CUST_0808,A3106,iPhone 15 Pro,Apple,2022-07-10,2023-05-18,35,1550000,5G,iOS 17,512,79.5,6.8,6,A17 Pro,48,Yes,Fingerprint,0,66.91,07:00,65,3,8.2,Finance,1,1,19,Online Shop,Selective Contract,Yes,Yes,Internet+TV,2
CUST_0809,A2894,iPhone 14,Apple,2023-08-07,2023-11-11,29,1000000,5G,iOS 17,128,79.6,6.1,8,A17 Pro,50,Yes,Both,0,36.03,22:00,10,2,11.06,SNS,3,10,23,Agency,Device Subsidy,Yes,No,Family,4
CUST_0810,G82U8,Pixel 8,Google,2023-04-04,2023-11-13,29,850000,5G,Android 14,256,84.7,6.1,16,A17 Pro,200,Yes,Fingerprint,0,85.16,15:00,62,5,1.67,Video,0,9,47,Direct Store,Device Subsidy,No,No,Single,1
CUST_0811,G82U8,Pixel 8,Google,2025-03-18,2025-03-18,13,850000,5G,Android 14,128,90.3,6.1,16,A17 Pro,50,Yes,Both,389583,24.11,17:00,75,5,19.42,Video,1,8,41,Agency,Device Subsidy,No,No,Internet+TV,0
CUST_0812,G82U8,Pixel 8,Google,2023-01-21,2023-08-06,32,850000,5G,Android 14,128,81.7,6.8,12,A17 Pro,50,Yes,Both,94444,76.77,17:00,76,0,17.13,Video,1,2,37,Online Shop,Selective Contract,No,No,Single,3
CUST_0813,SM-S928,Galaxy S24 Ultra,Samsung,2022-06-29,2023-01-29,39,1690000,5G,Android 14,256,76.8,6.7,8,Snapdragon Gen 3,48,Yes,Both,0,38.24,12:00,58,2,13.92,Business,3,3,37,Direct Store,Device Subsidy,Yes,No,Family,1
CUST_0814,23127PN0CG,Xiaomi 14,Xiaomi,2023-11-23,2024-05-07,23,900000,5G,Android 14,256,86.8,6.1,12,A17 Pro,108,Yes,Both,325000,64.69,19:00,12,3,5.36,Business,1,10,31,Direct Store,Selective Contract,Yes,No,Internet+TV,4
CUST_0815,G82U8,Pixel 8,Google,2025-09-12,2026-04-23,0,850000,5G,Android 14,1024,98.8,6.7,16,A17 Pro,108,No,Face ID,850000,29.22,02:00,75,1,16.05,Shopping,2,2,31,Direct Store,Device Subsidy,No,No,Internet+TV,2
CUST_0816,A3106,iPhone 15 Pro,Apple,2022-07-24,2023-04-24,36,1550000,5G,iOS 17,128,81.4,6.8,6,A17 Pro,108,No,Face ID,0,78.76,00:00,87,1,13.26,Shopping,3,1,28,Online Shop,Device Subsidy,Yes,Yes,Family,1
CUST_0817,G82U8,Pixel 8,Google,2023-08-06,2024-02-26,26,850000,5G,Android 14,512,84.7,6.8,8,A17 Pro,108,No,Face ID,0,6.72,16:00,23,1,0.01,Shopping,1,1,28,Direct Store,Selective Contract,Yes,No,Family,0
CUST_0818,23127PN0CG,Xiaomi 14,Xiaomi,2024-06-29,2024-07-06,21,900000,5G,Android 14,256,90.0,6.1,8,A17 Pro,48,Yes,Fingerprint,374999,79.89,21:00,54,5,7.81,Finance,3,2,36,Agency,Selective Contract,Yes,Yes,Family,3
CUST_0819,23127PN0CG,Xiaomi 14,Xiaomi,2022-09-10,2023-01-21,39,900000,5G,Android 14,256,78.6,6.8,8,A17 Pro,200,Yes,Both,0,46.04,03:00,77,3,3.24,Finance,0,1,21,Agency,Device Subsidy,No,No,Internet+TV,0
CUST_0820,SM-S921,Galaxy S24,Samsung,2024-04-19,2024-09-17,19,1150000,5G,Android 14,512,91.3,6.8,8,Snapdragon Gen 3,200,No,Face ID,543055,17.5,21:00,53,3,11.17,Business,2,3,27,Online Shop,Selective Contract,Yes,Yes,Single,2
CUST_0821,23127PN0CG,Xiaomi 14,Xiaomi,2023-02-21,2023-05-02,35,900000,5G,Android 14,512,81.6,6.1,8,A17 Pro,48,No,Fingerprint,0,22.5,06:00,47,3,15.86,Video,3,5,33,Direct Store,Selective Contract,No,No,Family,4
CUST_0822,A2894,iPhone 14,Apple,2023-05-15,2023-10-29,30,1000000,5G,iOS 17,256,79.6,6.7,6,A17 Pro,200,Yes,Fingerprint,0,55.77,09:00,52,5,6.95,Game,1,10,19,Online Shop,Device Subsidy,No,Yes,Internet+TV,1
CUST_0823,SM-S921,Galaxy S24,Samsung,2023-03-04,2023-07-03,33,1150000,5G,Android 14,256,81.0,6.7,12,Snapdragon Gen 3,50,No,Both,95833,51.99,10:00,51,4,6.49,SNS,2,3,39,Direct Store,Device Subsidy,No,Yes,Family,0
CUST_0824,23127PN0CG,Xiaomi 14,Xiaomi,2023-10-03,2024-08-12,20,900000,5G,Android 14,128,87.7,6.1,16,A17 Pro,48,No,Face ID,149999,36.92,19:00,21,2,8.96,Video,2,8,25,Direct Store,Device Subsidy,No,Yes,Family,3
CUST_0825,23127PN0CG,Xiaomi 14,Xiaomi,2023-03-27,2023-05-26,35,900000,5G,Android 14,512,79.5,6.7,16,A17 Pro,50,Yes,Face ID,25000,23.95,07:00,72,4,10.69,SNS,1,2,34,Online Shop,Selective Contract,Yes,Yes,Internet+TV,1
CUST_0826,A2894,iPhone 14,Apple,2022-11-24,2023-09-27,31,1000000,5G,iOS 17,256,81.0,6.8,6,A17 Pro,48,No,Fingerprint,0,53.73,15:00,79,3,3.93,Video,3,3,28,Agency,Device Subsidy,No,Yes,Single,3
CUST_0827,23127PN0CG,Xiaomi 14,Xiaomi,2023-12-27,2024-11-29,17,900000,5G,Android 14,256,92.4,6.8,8,A17 Pro,48,Yes,Face ID,262499,50.85,13:00,71,1,5.85,Business,3,2,41,Direct Store,Selective Contract,No,Yes,Internet+TV,3
CUST_0828,SM-S928,Galaxy S24 Ultra,Samsung,2024-07-24,2024-11-08,17,1690000,5G,Android 14,1024,87.6,6.8,12,Snapdragon Gen 3,108,No,Fingerprint,891944,89.42,19:00,85,4,11.72,Game,0,2,19,Agency,Selective Contract,No,Yes,Internet+TV,0
CUST_0829,A2894,iPhone 14,Apple,2023-11-29,2024-02-20,26,1000000,5G,iOS 17,128,85.6,6.7,8,A17 Pro,50,No,Face ID,277777,68.04,08:00,75,4,5.95,Finance,3,10,29,Direct Store,Device Subsidy,No,No,Family,4
CUST_0830,23127PN0CG,Xiaomi 14,Xiaomi,2022-11-30,2023-01-25,39,900000,5G,Android 14,128,75.0,6.8,12,A17 Pro,48,Yes,Face ID,0,46.91,16:00,79,1,12.79,Business,0,8,18,Direct Store,Selective Contract,No,No,Single,2
CUST_0831,A3106,iPhone 15 Pro,Apple,2023-01-14,2023-04-05,36,1550000,5G,iOS 17,1024,81.3,6.8,6,A17 Pro,48,Yes,Both,0,12.89,16:00,53,3,16.98,Game,0,10,25,Agency,Selective Contract,Yes,No,Family,4
CUST_0832,SM-S921,Galaxy S24,Samsung,2022-05-11,2023-04-12,36,1150000,5G,Android 14,256,80.4,6.1,12,Snapdragon Gen 3,108,Yes,Both,0,49.46,13:00,64,4,4.15,Video,0,6,41,Agency,Device Subsidy,No,Yes,Internet+TV,2
CUST_0833,A3102,iPhone 15,Apple,2023-08-10,2023-08-20,32,1250000,5G,iOS 17,128,78.5,6.1,6,A17 Pro,50,Yes,Both,0,79.79,15:00,49,1,12.93,Video,2,2,25,Agency,Selective Contract,Yes,Yes,Internet+TV,4
CUST_0834,23127PN0CG,Xiaomi 14,Xiaomi,2023-01-02,2023-03-05,37,900000,5G,Android 14,128,76.5,6.7,8,A17 Pro,200,Yes,Face ID,0,88.54,02:00,53,5,15.9,Shopping,3,4,30,Direct Store,Device Subsidy,No,Yes,Single,2
CUST_0835,G82U8,Pixel 8,Google,2024-08-24,2025-02-20,14,850000,5G,Android 14,256,93.4,6.8,12,A17 Pro,108,No,Fingerprint,354166,71.91,11:00,47,3,13.31,Game,2,7,44,Direct Store,Device Subsidy,No,Yes,Family,2
CUST_0836,SM-S921,Galaxy S24,Samsung,2023-09-10,2024-02-05,26,1150000,5G,Android 14,256,83.8,6.8,8,Snapdragon Gen 3,200,No,Fingerprint,0,67.7,14:00,13,1,10.89,Business,3,7,18,Direct Store,Device Subsidy,No,Yes,Internet+TV,0
CUST_0837,G82U8,Pixel 8,Google,2024-05-19,2024-06-23,22,850000,5G,Android 14,1024,84.3,6.8,12,A17 Pro,108,Yes,Face ID,70833,64.23,17:00,48,3,16.56,Game,2,2,19,Online Shop,Device Subsidy,Yes,No,Single,0
CUST_0838,23127PN0CG,Xiaomi 14,Xiaomi,2023-02-03,2023-09-05,31,900000,5G,Android 14,256,80.9,6.7,16,A17 Pro,108,No,Fingerprint,0,30.01,16:00,84,1,11.84,SNS,0,10,31,Agency,Device Subsidy,No,No,Family,2
CUST_0839,SM-A546,Galaxy A54,Samsung,2024-11-05,2025-02-01,14,590000,5G,Android 14,512,94.2,6.7,12,Snapdragon Gen 3,48,Yes,Face ID,360555,77.7,17:00,68,1,16.92,Game,3,5,46,Online Shop,Device Subsidy,No,Yes,Single,3
CUST_0840,23127PN0CG,Xiaomi 14,Xiaomi,2024-09-06,2025-02-09,14,900000,5G,Android 14,256,92.1,6.1,16,A17 Pro,200,No,Both,374999,53.19,23:00,55,4,4.45,SNS,1,7,27,Direct Store,Selective Contract,Yes,No,Single,1
CUST_0841,SM-A546,Galaxy A54,Samsung,2025-10-01,2026-03-25,1,590000,5G,Android 14,128,102.1,6.8,12,Snapdragon Gen 3,48,Yes,Both,573611,23.34,04:00,60,1,6.97,SNS,0,5,20,Agency,Device Subsidy,Yes,Yes,Internet+TV,0
CUST_0842,23127PN0CG,Xiaomi 14,Xiaomi,2023-03-26,2023-06-02,34,900000,5G,Android 14,128,78.2,6.1,16,A17 Pro,200,No,Fingerprint,50000,11.3,18:00,37,1,5.41,SNS,0,1,37,Direct Store,Selective Contract,Yes,Yes,Single,2
CUST_0843,G82U8,Pixel 8,Google,2022-07-12,2023-04-23,36,850000,5G,Android 14,1024,76.3,6.8,12,A17 Pro,50,Yes,Fingerprint,0,98.38,11:00,20,3,16.84,SNS,1,5,18,Direct Store,Device Subsidy,Yes,No,Single,0
CUST_0844,SM-S921,Galaxy S24,Samsung,2024-09-27,2025-03-02,13,1150000,5G,Android 14,1024,92.4,6.1,8,Snapdragon Gen 3,200,Yes,Fingerprint,527083,70.32,17:00,61,3,13.89,SNS,0,3,42,Online Shop,Device Subsidy,No,Yes,Family,3
CUST_0845,A3102,iPhone 15,Apple,2022-08-14,2023-02-14,38,1250000,5G,iOS 17,256,76.7,6.7,8,A17 Pro,108,Yes,Fingerprint,0,5.95,03:00,73,1,2.73,Shopping,0,1,43,Direct Store,Device Subsidy,No,Yes,Single,0
CUST_0846,G82U8,Pixel 8,Google,2024-12-02,2025-01-18,15,850000,5G,Android 14,128,89.2,6.8,16,A17 Pro,200,Yes,Both,495833,58.81,12:00,73,1,3.71,Game,2,6,45,Agency,Selective Contract,No,Yes,Family,0
CUST_0847,A2894,iPhone 14,Apple,2025-06-08,2026-02-05,2,1000000,5G,iOS 17,128,98.5,6.1,6,A17 Pro,50,No,Face ID,944444,28.26,04:00,33,2,2.88,Finance,3,1,22,Direct Store,Device Subsidy,Yes,No,Single,1
CUST_0848,SM-A546,Galaxy A54,Samsung,2024-04-18,2024-09-21,19,590000,5G,Android 14,1024,90.4,6.7,16,Snapdragon Gen 3,48,Yes,Both,278611,88.91,05:00,63,5,12.51,Video,0,4,47,Online Shop,Selective Contract,No,Yes,Internet+TV,3
CUST_0849,23127PN0CG,Xiaomi 14,Xiaomi,2025-01-25,2025-06-12,10,900000,5G,Android 14,512,96.0,6.7,8,A17 Pro,200,Yes,Fingerprint,650000,60.51,03:00,23,4,13.35,Video,0,3,43,Direct Store,Selective Contract,No,No,Family,3
CUST_0850,G82U8,Pixel 8,Google,2025-02-09,2025-05-29,11,850000,5G,Android 14,1024,92.7,6.8,16,A17 Pro,108,No,Face ID,460416,91.25,08:00,13,4,14.98,Business,0,10,21,Agency,Device Subsidy,No,No,Internet+TV,4
CUST_0851,A3102,iPhone 15,Apple,2023-05-15,2023-10-15,30,1250000,5G,iOS 17,128,79.3,6.8,6,A17 Pro,50,No,Fingerprint,0,42.34,08:00,79,2,10.2,Video,3,1,34,Online Shop,Device Subsidy,Yes,No,Family,2
CUST_0852,G82U8,Pixel 8,Google,2024-12-27,2025-12-27,4,850000,5G,Android 14,128,95.6,6.8,12,A17 Pro,50,Yes,Face ID,708333,23.93,10:00,10,1,15.23,Game,0,1,18,Agency,Selective Contract,Yes,No,Internet+TV,3
CUST_0853,G82U8,Pixel 8,Google,2022-06-29,2022-08-24,44,850000,5G,Android 14,128,75.0,6.1,12,A17 Pro,48,Yes,Both,0,16.53,02:00,59,4,15.06,Finance,1,4,22,Agency,Selective Contract,Yes,No,Internet+TV,4
CUST_0854,G82U8,Pixel 8,Google,2023-08-23,2023-08-27,32,850000,5G,Android 14,512,79.6,6.8,12,A17 Pro,200,No,Face ID,0,94.57,07:00,15,0,0.46,Shopping,2,4,25,Direct Store,Device Subsidy,Yes,Yes,Family,0
CUST_0855,SM-A546,Galaxy A54,Samsung,2025-05-05,2025-10-14,6,590000,5G,Android 14,128,97.4,6.7,16,Snapdragon Gen 3,50,No,Fingerprint,491666,70.96,00:00,34,5,5.2,Finance,0,2,29,Online Shop,Selective Contract,Yes,No,Family,3
CUST_0856,SM-S928,Galaxy S24 Ultra,Samsung,2024-01-07,2024-07-17,21,1690000,5G,Android 14,512,86.1,6.7,12,Snapdragon Gen 3,50,Yes,Fingerprint,704166,87.01,01:00,80,1,5.34,Finance,0,3,40,Agency,Device Subsidy,Yes,Yes,Internet+TV,1
CUST_0857,G82U8,Pixel 8,Google,2025-10-24,2026-01-08,3,850000,5G,Android 14,1024,96.0,6.1,12,A17 Pro,108,No,Fingerprint,779166,52.58,14:00,39,2,12.74,SNS,3,5,23,Online Shop,Selective Contract,No,Yes,Single,2
CUST_0858,SM-S921,Galaxy S24,Samsung,2022-05-06,2022-06-23,46,1150000,5G,Android 14,256,75.0,6.1,16,Snapdragon Gen 3,200,Yes,Both,0,15.18,05:00,90,2,6.92,Game,2,7,21,Online Shop,Device Subsidy,No,Yes,Single,0
CUST_0859,23127PN0CG,Xiaomi 14,Xiaomi,2023-07-13,2023-07-25,33,900000,5G,Android 14,128,77.7,6.7,8,A17 Pro,48,Yes,Both,0,54.63,23:00,32,1,19.67,SNS,3,2,29,Online Shop,Device Subsidy,Yes,No,Internet+TV,2
CUST_0860,SM-S928,Galaxy S24 Ultra,Samsung,2023-05-31,2024-01-08,27,1690000,5G,Android 14,512,82.1,6.8,8,Snapdragon Gen 3,108,Yes,Fingerprint,422500,34.65,14:00,63,1,17.04,Video,3,1,21,Agency,Device Subsidy,No,Yes,Single,2
CUST_0861,G82U8,Pixel 8,Google,2024-02-01,2024-10-09,18,850000,5G,Android 14,256,87.8,6.7,8,A17 Pro,200,No,Both,425000,58.04,05:00,30,2,15.14,Finance,1,8,39,Online Shop,Selective Contract,No,Yes,Internet+TV,3
CUST_0862,G82U8,Pixel 8,Google,2023-11-07,2024-10-29,18,850000,5G,Android 14,1024,91.9,6.1,16,A17 Pro,200,No,Both,212500,31.23,14:00,75,2,15.8,Video,3,8,44,Online Shop,Device Subsidy,Yes,Yes,Family,0
CUST_0863,SM-S928,Galaxy S24 Ultra,Samsung,2025-03-18,2025-12-04,4,1690000,5G,Android 14,512,97.6,6.1,8,Snapdragon Gen 3,50,No,Face ID,1502222,99.38,06:00,49,0,6.14,Business,3,9,22,Online Shop,Device Subsidy,Yes,No,Internet+TV,3
CUST_0864,23127PN0CG,Xiaomi 14,Xiaomi,2024-11-25,2025-05-26,11,900000,5G,Android 14,512,93.8,6.7,16,A17 Pro,108,No,Both,487500,6.63,02:00,25,0,13.41,Shopping,3,4,35,Agency,Device Subsidy,Yes,No,Single,0
CUST_0865,G82U8,Pixel 8,Google,2024-02-06,2024-05-31,23,850000,5G,Android 14,512,87.3,6.8,8,A17 Pro,48,No,Both,306944,52.54,13:00,78,0,19.86,Business,2,1,29,Online Shop,Device Subsidy,Yes,Yes,Single,1
CUST_0866,23127PN0CG,Xiaomi 14,Xiaomi,2024-09-20,2025-08-22,8,900000,5G,Android 14,512,92.7,6.1,8,A17 Pro,200,Yes,Face ID,600000,28.48,19:00,77,3,0.08,SNS,3,3,21,Agency,Selective Contract,Yes,Yes,Single,1
CUST_0867,SM-A546,Galaxy A54,Samsung,2024-09-09,2024-11-01,17,590000,5G,Android 14,1024,90.1,6.7,8,Snapdragon Gen 3,48,Yes,Face ID,172083,12.62,15:00,24,1,2.14,Finance,3,2,36,Direct Store,Selective Contract,Yes,Yes,Internet+TV,3
CUST_0868,A3106,iPhone 15 Pro,Apple,2022-05-12,2022-06-07,46,1550000,5G,iOS 17,512,75.0,6.8,8,A17 Pro,108,No,Fingerprint,0,85.31,20:00,25,0,4.12,Business,2,4,28,Agency,Device Subsidy,Yes,Yes,Family,1
CUST_0869,G82U8,Pixel 8,Google,2023-03-06,2023-05-15,35,850000,5G,Android 14,1024,79.6,6.7,8,A17 Pro,200,Yes,Face ID,0,72.93,00:00,80,5,10.24,Shopping,3,3,22,Online Shop,Selective Contract,No,No,Family,0
CUST_0870,A3106,iPhone 15 Pro,Apple,2023-12-03,2024-03-28,25,1550000,5G,iOS 17,128,84.7,6.1,6,A17 Pro,50,No,Both,473611,58.17,00:00,80,2,15.69,Business,0,1,23,Agency,Selective Contract,No,Yes,Single,1
CUST_0871,G82U8,Pixel 8,Google,2024-11-28,2025-01-29,15,850000,5G,Android 14,1024,91.5,6.7,16,A17 Pro,108,No,Face ID,495833,62.23,12:00,70,0,7.78,Business,2,2,31,Agency,Device Subsidy,Yes,No,Internet+TV,1
CUST_0872,SM-S928,Galaxy S24 Ultra,Samsung,2025-07-06,2025-09-03,7,1690000,5G,Android 14,1024,98.2,6.1,12,Snapdragon Gen 3,48,Yes,Fingerprint,1197083,41.9,11:00,15,5,10.45,Video,1,5,45,Online Shop,Device Subsidy,Yes,Yes,Family,4
CUST_0873,23127PN0CG,Xiaomi 14,Xiaomi,2024-08-01,2024-08-13,20,900000,5G,Android 14,128,86.8,6.8,8,A17 Pro,48,No,Fingerprint,149999,75.17,01:00,28,0,7.37,Game,3,8,41,Direct Store,Selective Contract,No,No,Internet+TV,1
CUST_0874,A2894,iPhone 14,Apple,2022-05-17,2022-11-01,41,1000000,5G,iOS 17,256,75.0,6.7,6,A17 Pro,48,No,Face ID,0,13.88,13:00,43,1,9.81,Shopping,3,2,28,Direct Store,Device Subsidy,No,No,Internet+TV,0
CUST_0875,A2894,iPhone 14,Apple,2025-05-23,2026-01-07,3,1000000,5G,iOS 17,1024,97.2,6.8,8,A17 Pro,200,Yes,Face ID,875000,17.73,11:00,43,1,7.53,Finance,0,10,32,Online Shop,Device Subsidy,No,Yes,Single,2
CUST_0876,23127PN0CG,Xiaomi 14,Xiaomi,2023-09-30,2024-02-20,26,900000,5G,Android 14,1024,86.0,6.7,8,A17 Pro,200,Yes,Fingerprint,250000,18.43,14:00,36,0,16.54,Business,0,6,30,Direct Store,Selective Contract,Yes,No,Internet+TV,0
CUST_0877,A3102,iPhone 15,Apple,2023-02-03,2023-07-15,33,1250000,5G,iOS 17,512,83.1,6.7,8,A17 Pro,48,No,Both,0,78.75,10:00,68,5,3.62,Game,1,10,23,Direct Store,Selective Contract,No,No,Single,3
CUST_0878,A2894,iPhone 14,Apple,2022-12-04,2023-05-06,35,1000000,5G,iOS 17,128,78.7,6.1,8,A17 Pro,200,Yes,Fingerprint,27777,28.81,15:00,18,5,4.13,Video,1,9,48,Direct Store,Selective Contract,No,Yes,Family,4
CUST_0879,A3102,iPhone 15,Apple,2022-11-08,2023-06-16,34,1250000,5G,iOS 17,1024,80.2,6.8,6,A17 Pro,108,No,Both,69444,90.11,21:00,39,1,1.15,Video,2,4,26,Online Shop,Selective Contract,Yes,Yes,Family,1
CUST_0880,G82U8,Pixel 8,Google,2023-12-26,2024-10-26,18,850000,5G,Android 14,1024,88.8,6.7,8,A17 Pro,108,No,Face ID,425000,78.77,01:00,70,4,11.91,Business,3,6,29,Direct Store,Device Subsidy,No,Yes,Internet+TV,0
CUST_0881,A2894,iPhone 14,Apple,2024-05-13,2024-07-27,21,1000000,5G,iOS 17,256,87.3,6.1,8,A17 Pro,50,Yes,Fingerprint,416666,76.21,22:00,32,1,18.87,SNS,3,2,21,Online Shop,Selective Contract,No,No,Family,4
CUST_0882,SM-S928,Galaxy S24 Ultra,Samsung,2025-03-22,2025-10-24,6,1690000,5G,Android 14,256,93.7,6.8,12,Snapdragon Gen 3,48,No,Face ID,1408333,19.97,17:00,61,4,11.07,Game,2,3,48,Online Shop,Selective Contract,Yes,Yes,Internet+TV,1
CUST_0883,A3102,iPhone 15,Apple,2024-10-22,2025-05-21,11,1250000,5G,iOS 17,128,91.0,6.7,8,A17 Pro,200,Yes,Fingerprint,868055,22.52,13:00,79,0,17.37,Business,3,1,47,Online Shop,Device Subsidy,No,Yes,Family,0
CUST_0884,23127PN0CG,Xiaomi 14,Xiaomi,2025-08-20,2026-01-16,3,900000,5G,Android 14,256,96.5,6.1,12,A17 Pro,108,No,Both,825000,84.34,07:00,24,3,3.2,Video,3,7,25,Agency,Device Subsidy,Yes,Yes,Internet+TV,3
CUST_0885,23127PN0CG,Xiaomi 14,Xiaomi,2025-06-24,2025-09-12,7,900000,5G,Android 14,512,96.5,6.8,8,A17 Pro,50,Yes,Face ID,725000,15.33,22:00,30,3,3.6,Game,1,10,21,Direct Store,Device Subsidy,No,Yes,Family,4
CUST_0886,G82U8,Pixel 8,Google,2025-02-12,2025-09-20,7,850000,5G,Android 14,1024,95.5,6.7,8,A17 Pro,108,No,Fingerprint,684722,83.29,18:00,72,2,12.47,Finance,2,1,32,Agency,Device Subsidy,No,No,Single,3
CUST_0887,G82U8,Pixel 8,Google,2023-07-04,2023-07-15,33,850000,5G,Android 14,256,77.5,6.1,16,A17 Pro,50,Yes,Fingerprint,0,68.19,05:00,19,2,15.53,Video,1,10,19,Direct Store,Selective Contract,Yes,Yes,Single,1
CUST_0888,23127PN0CG,Xiaomi 14,Xiaomi,2024-06-07,2024-09-20,19,900000,5G,Android 14,256,85.6,6.1,8,A17 Pro,50,No,Both,187500,28.24,10:00,54,0,2.27,Finance,1,6,27,Direct Store,Device Subsidy,Yes,No,Internet+TV,4
CUST_0889,23127PN0CG,Xiaomi 14,Xiaomi,2022-04-28,2022-08-05,44,900000,5G,Android 14,256,75.0,6.1,12,A17 Pro,50,No,Fingerprint,0,32.98,00:00,78,0,6.94,Finance,1,2,22,Direct Store,Selective Contract,Yes,Yes,Internet+TV,0
CUST_0890,G82U8,Pixel 8,Google,2022-06-19,2023-01-06,39,850000,5G,Android 14,512,79.0,6.1,8,A17 Pro,50,No,Face ID,0,95.38,06:00,19,3,9.2,Shopping,2,5,23,Online Shop,Device Subsidy,No,Yes,Internet+TV,2
CUST_0891,SM-A546,Galaxy A54,Samsung,2024-09-05,2025-04-22,12,590000,5G,Android 14,512,93.5,6.1,12,Snapdragon Gen 3,200,Yes,Both,295000,60.67,07:00,22,3,7.45,Finance,3,3,48,Direct Store,Selective Contract,No,No,Single,4
CUST_0892,G82U8,Pixel 8,Google,2023-09-03,2023-10-25,30,850000,5G,Android 14,256,83.2,6.1,8,A17 Pro,48,Yes,Both,141666,16.44,23:00,78,2,6.31,SNS,2,1,24,Online Shop,Device Subsidy,Yes,No,Internet+TV,1
CUST_0893,23127PN0CG,Xiaomi 14,Xiaomi,2025-10-06,2026-03-17,1,900000,5G,Android 14,128,98.0,6.8,8,A17 Pro,108,Yes,Both,862500,14.53,01:00,76,3,9.7,Shopping,3,3,26,Direct Store,Device Subsidy,No,No,Single,1
CUST_0894,SM-A546,Galaxy A54,Samsung,2022-10-06,2023-02-03,38,590000,5G,Android 14,512,78.0,6.8,8,Snapdragon Gen 3,50,Yes,Face ID,0,71.54,17:00,71,3,0.83,Business,3,10,24,Online Shop,Device Subsidy,Yes,No,Family,0
CUST_0895,23127PN0CG,Xiaomi 14,Xiaomi,2024-11-21,2025-05-14,11,900000,5G,Android 14,1024,94.7,6.7,8,A17 Pro,108,No,Both,625000,96.2,16:00,77,1,16.59,Shopping,1,6,40,Direct Store,Selective Contract,Yes,No,Single,0
CUST_0896,23127PN0CG,Xiaomi 14,Xiaomi,2023-02-12,2023-04-17,36,900000,5G,Android 14,256,77.6,6.8,12,A17 Pro,108,Yes,Both,0,86.92,12:00,31,4,3.18,SNS,2,1,42,Online Shop,Device Subsidy,No,No,Single,2
CUST_0897,G82U8,Pixel 8,Google,2022-09-21,2023-04-19,36,850000,5G,Android 14,256,78.9,6.8,8,A17 Pro,48,Yes,Fingerprint,0,88.68,07:00,45,0,5.75,Shopping,1,10,18,Online Shop,Selective Contract,No,Yes,Internet+TV,3
CUST_0898,SM-S921,Galaxy S24,Samsung,2023-07-10,2024-01-30,27,1150000,5G,Android 14,128,82.4,6.1,16,Snapdragon Gen 3,108,No,Fingerprint,287500,83.66,05:00,18,3,16.72,Finance,0,1,40,Online Shop,Device Subsidy,Yes,Yes,Internet+TV,1
CUST_0899,A3106,iPhone 15 Pro,Apple,2024-09-10,2025-06-12,10,1550000,5G,iOS 17,256,91.8,6.1,6,A17 Pro,50,No,Fingerprint,1119444,84.45,22:00,15,3,19.3,Shopping,1,8,33,Agency,Device Subsidy,No,No,Family,3
CUST_0900,SM-A546,Galaxy A54,Samsung,2023-06-23,2023-07-21,33,590000,5G,Android 14,1024,83.1,6.1,16,Snapdragon Gen 3,108,Yes,Fingerprint,0,42.14,18:00,51,1,9.26,SNS,2,7,20,Direct Store,Selective Contract,Yes,Yes,Internet+TV,0
CUST_0901,A3102,iPhone 15,Apple,2023-07-09,2023-09-05,31,1250000,5G,iOS 17,128,82.3,6.1,8,A17 Pro,108,Yes,Fingerprint,173611,31.9,22:00,22,3,6.98,Video,0,4,32,Online Shop,Selective Contract,No,No,Internet+TV,2
CUST_0902,G82U8,Pixel 8,Google,2025-08-23,2026-03-27,1,850000,5G,Android 14,256,101.1,6.1,12,A17 Pro,200,Yes,Face ID,826388,22.11,10:00,53,0,10.23,Business,0,2,44,Direct Store,Device Subsidy,Yes,No,Internet+TV,1
CUST_0903,SM-S921,Galaxy S24,Samsung,2024-03-18,2024-12-29,16,1150000,5G,Android 14,256,90.1,6.1,12,Snapdragon Gen 3,50,Yes,Face ID,638888,78.29,11:00,64,2,15.92,Shopping,3,10,26,Direct Store,Device Subsidy,Yes,No,Family,4
CUST_0904,23127PN0CG,Xiaomi 14,Xiaomi,2023-09-12,2023-11-21,29,900000,5G,Android 14,1024,83.0,6.7,8,A17 Pro,50,No,Both,0,31.68,22:00,44,0,13.06,Game,2,4,34,Direct Store,Selective Contract,No,No,Single,0
CUST_0905,G82U8,Pixel 8,Google,2024-07-03,2024-12-14,16,850000,5G,Android 14,128,92.4,6.1,12,A17 Pro,48,No,Both,283333,60.25,13:00,16,2,9.77,Finance,3,2,27,Online Shop,Selective Contract,No,No,Single,3
CUST_0906,SM-S928,Galaxy S24 Ultra,Samsung,2023-09-19,2023-10-31,30,1690000,5G,Android 14,1024,84.1,6.7,12,Snapdragon Gen 3,200,Yes,Both,281666,88.45,12:00,39,3,11.07,Game,2,5,46,Agency,Device Subsidy,No,Yes,Single,1
CUST_0907,G82U8,Pixel 8,Google,2024-11-19,2025-09-10,7,850000,5G,Android 14,128,92.9,6.8,12,A17 Pro,200,Yes,Face ID,684722,36.78,07:00,56,3,15.06,Business,0,6,46,Online Shop,Device Subsidy,Yes,No,Family,3
CUST_0908,A3102,iPhone 15,Apple,2025-09-01,2026-03-22,1,1250000,5G,iOS 17,1024,100.3,6.7,8,A17 Pro,48,Yes,Fingerprint,1197916,7.11,23:00,33,3,8.21,Business,2,2,37,Online Shop,Selective Contract,No,No,Single,4
CUST_0909,23127PN0CG,Xiaomi 14,Xiaomi,2023-08-25,2024-04-22,24,900000,5G,Android 14,256,86.0,6.1,16,A17 Pro,200,No,Fingerprint,0,33.94,23:00,50,5,6.45,Game,2,10,22,Online Shop,Device Subsidy,No,Yes,Family,4
CUST_0910,G82U8,Pixel 8,Google,2022-10-06,2023-04-29,36,850000,5G,Android 14,1024,75.6,6.1,8,A17 Pro,200,Yes,Both,0,24.56,21:00,11,3,3.83,Shopping,1,9,44,Agency,Device Subsidy,Yes,No,Single,4
CUST_0911,A3106,iPhone 15 Pro,Apple,2024-01-04,2024-04-17,24,1550000,5G,iOS 17,256,85.4,6.1,8,A17 Pro,108,No,Fingerprint,516666,75.07,12:00,85,2,3.15,SNS,1,2,39,Online Shop,Selective Contract,No,Yes,Single,2
CUST_0912,23127PN0CG,Xiaomi 14,Xiaomi,2023-04-20,2023-05-03,35,900000,5G,Android 14,1024,79.6,6.8,12,A17 Pro,50,Yes,Face ID,0,63.61,08:00,87,4,3.25,Video,1,9,47,Agency,Selective Contract,Yes,Yes,Internet+TV,1
CUST_0913,SM-S928,Galaxy S24 Ultra,Samsung,2022-10-19,2022-12-15,40,1690000,5G,Android 14,1024,75.8,6.7,16,Snapdragon Gen 3,108,Yes,Both,0,41.7,03:00,53,5,10.55,Game,0,7,38,Direct Store,Device Subsidy,Yes,No,Single,1
CUST_0914,G82U8,Pixel 8,Google,2025-03-06,2025-11-04,5,850000,5G,Android 14,128,99.6,6.7,8,A17 Pro,200,Yes,Fingerprint,672916,44.17,00:00,75,5,10.79,Shopping,0,8,23,Direct Store,Device Subsidy,Yes,No,Internet+TV,1
CUST_0915,23127PN0CG,Xiaomi 14,Xiaomi,2022-11-13,2023-04-29,36,900000,5G,Android 14,128,79.4,6.8,16,A17 Pro,108,Yes,Both,0,48.48,20:00,69,5,5.51,Game,3,9,18,Direct Store,Device Subsidy,No,Yes,Single,3
CUST_0916,G82U8,Pixel 8,Google,2025-01-28,2025-02-04,14,850000,5G,Android 14,128,91.8,6.1,12,A17 Pro,48,Yes,Face ID,354166,27.81,06:00,43,2,5.39,Video,3,3,38,Direct Store,Selective Contract,No,Yes,Single,1
CUST_0917,SM-A546,Galaxy A54,Samsung,2024-03-01,2025-02-02,14,590000,5G,Android 14,256,90.4,6.8,8,Snapdragon Gen 3,48,Yes,Fingerprint,360555,25.42,14:00,56,1,0.18,Shopping,2,10,32,Direct Store,Device Subsidy,Yes,No,Internet+TV,3
CUST_0918,SM-S921,Galaxy S24,Samsung,2024-03-04,2024-07-06,21,1150000,5G,Android 14,1024,86.3,6.7,8,Snapdragon Gen 3,200,No,Both,479166,8.99,02:00,78,3,15.8,Video,0,4,45,Direct Store,Selective Contract,Yes,Yes,Family,4
CUST_0919,G82U8,Pixel 8,Google,2024-06-04,2025-02-24,14,850000,5G,Android 14,512,90.3,6.1,8,A17 Pro,50,No,Fingerprint,519444,44.06,12:00,61,3,12.09,Shopping,3,5,36,Online Shop,Device Subsidy,No,No,Internet+TV,3
CUST_0920,A3102,iPhone 15,Apple,2025-07-15,2025-11-23,5,1250000,5G,iOS 17,256,97.6,6.7,6,A17 Pro,48,No,Face ID,1076388,22.53,12:00,19,3,18.97,Shopping,3,3,24,Direct Store,Selective Contract,Yes,Yes,Single,2
CUST_0921,G82U8,Pixel 8,Google,2022-09-14,2023-06-04,34,850000,5G,Android 14,1024,80.9,6.7,12,A17 Pro,48,No,Fingerprint,47222,63.04,07:00,42,4,3.45,Shopping,2,10,44,Online Shop,Device Subsidy,No,Yes,Internet+TV,4
CUST_0922,A2894,iPhone 14,Apple,2025-05-06,2025-07-24,9,1000000,5G,iOS 17,256,94.0,6.1,8,A17 Pro,108,Yes,Both,625000,5.42,21:00,69,3,2.94,Shopping,0,5,41,Agency,Device Subsidy,Yes,No,Internet+TV,4
CUST_0923,SM-S921,Galaxy S24,Samsung,2024-02-19,2024-04-19,24,1150000,5G,Android 14,128,83.8,6.8,16,Snapdragon Gen 3,200,Yes,Fingerprint,383333,35.53,18:00,88,4,8.7,Video,3,5,23,Agency,Device Subsidy,No,Yes,Family,4
CUST_0924,A3102,iPhone 15,Apple,2022-11-29,2023-03-02,37,1250000,5G,iOS 17,256,76.8,6.7,8,A17 Pro,200,Yes,Both,0,7.94,08:00,81,4,8.01,Shopping,0,6,30,Agency,Device Subsidy,Yes,Yes,Family,2
CUST_0925,A2894,iPhone 14,Apple,2025-10-21,2026-04-04,0,1000000,5G,iOS 17,1024,99.5,6.7,6,A17 Pro,108,Yes,Face ID,1000000,59.33,07:00,49,3,5.15,Finance,1,6,25,Online Shop,Device Subsidy,No,No,Family,0
CUST_0926,SM-S921,Galaxy S24,Samsung,2023-01-14,2023-09-21,31,1150000,5G,Android 14,1024,79.6,6.7,8,Snapdragon Gen 3,50,No,Fingerprint,0,11.96,18:00,32,0,2.93,Video,0,10,24,Agency,Selective Contract,Yes,Yes,Family,0
CUST_0927,A3106,iPhone 15 Pro,Apple,2024-10-15,2025-03-14,13,1550000,5G,iOS 17,512,90.9,6.8,6,A17 Pro,108,No,Face ID,990277,32.23,00:00,66,5,19.18,Business,1,4,28,Online Shop,Device Subsidy,No,No,Family,0
CUST_0928,SM-S928,Galaxy S24 Ultra,Samsung,2025-08-18,2026-04-06,0,1690000,5G,Android 14,512,97.5,6.1,16,Snapdragon Gen 3,108,Yes,Face ID,1690000,96.3,11:00,59,1,19.43,Game,0,9,43,Direct Store,Device Subsidy,No,No,Internet+TV,0
CUST_0929,SM-S928,Galaxy S24 Ultra,Samsung,2023-04-15,2023-08-26,32,1690000,5G,Android 14,512,82.1,6.1,16,Snapdragon Gen 3,48,No,Fingerprint,187777,68.56,20:00,72,3,0.05,Video,0,10,25,Online Shop,Selective Contract,No,No,Single,4
CUST_0930,23127PN0CG,Xiaomi 14,Xiaomi,2024-06-04,2025-04-09,12,900000,5G,Android 14,256,90.9,6.8,12,A17 Pro,200,Yes,Both,450000,69.69,23:00,15,1,10.27,Shopping,3,5,38,Agency,Device Subsidy,No,Yes,Single,3
CUST_0931,23127PN0CG,Xiaomi 14,Xiaomi,2022-05-30,2023-05-22,35,900000,5G,Android 14,512,76.5,6.7,16,A17 Pro,50,Yes,Both,25000,31.84,07:00,53,5,8.35,SNS,0,4,37,Direct Store,Selective Contract,No,Yes,Internet+TV,4
CUST_0932,SM-S928,Galaxy S24 Ultra,Samsung,2023-02-01,2023-02-22,38,1690000,5G,Android 14,1024,80.2,6.1,16,Snapdragon Gen 3,48,Yes,Both,0,61.68,23:00,90,2,17.31,Game,0,4,39,Online Shop,Selective Contract,No,Yes,Single,2
CUST_0933,23127PN0CG,Xiaomi 14,Xiaomi,2022-09-04,2022-09-28,43,900000,5G,Android 14,512,75.0,6.8,8,A17 Pro,48,No,Fingerprint,0,27.89,09:00,68,5,13.44,SNS,1,1,28,Online Shop,Selective Contract,Yes,No,Family,2
CUST_0934,23127PN0CG,Xiaomi 14,Xiaomi,2024-02-28,2024-10-30,18,900000,5G,Android 14,128,91.4,6.1,8,A17 Pro,200,Yes,Face ID,225000,92.26,12:00,19,4,11.45,Finance,1,10,26,Direct Store,Selective Contract,No,No,Single,3
CUST_0935,A3102,iPhone 15,Apple,2023-12-27,2024-12-20,16,1250000,5G,iOS 17,1024,92.9,6.1,6,A17 Pro,200,Yes,Both,694444,27.05,17:00,48,0,2.59,Business,3,1,24,Direct Store,Selective Contract,Yes,No,Single,3
CUST_0936,A3102,iPhone 15,Apple,2023-08-07,2024-02-25,26,1250000,5G,iOS 17,256,84.0,6.1,6,A17 Pro,200,No,Fingerprint,0,40.24,19:00,79,4,2.41,SNS,0,10,21,Online Shop,Device Subsidy,Yes,Yes,Single,2
CUST_0937,A3102,iPhone 15,Apple,2022-05-30,2022-10-11,42,1250000,5G,iOS 17,512,75.0,6.7,8,A17 Pro,200,No,Fingerprint,0,77.9,03:00,83,5,16.49,Business,0,1,37,Agency,Selective Contract,Yes,Yes,Family,2
CUST_0938,G82U8,Pixel 8,Google,2024-01-07,2024-05-17,23,850000,5G,Android 14,512,89.1,6.7,16,A17 Pro,108,No,Face ID,35416,9.17,07:00,75,0,2.49,Game,0,9,37,Direct Store,Selective Contract,No,Yes,Family,2
CUST_0939,23127PN0CG,Xiaomi 14,Xiaomi,2023-07-18,2023-10-06,30,900000,5G,Android 14,256,82.6,6.7,16,A17 Pro,200,Yes,Face ID,149999,19.19,22:00,62,3,0.24,Business,0,7,44,Online Shop,Selective Contract,No,Yes,Family,0
CUST_0940,23127PN0CG,Xiaomi 14,Xiaomi,2024-12-15,2025-07-18,9,900000,5G,Android 14,1024,91.7,6.1,12,A17 Pro,108,Yes,Fingerprint,562500,38.57,11:00,35,5,0.09,Business,1,2,31,Direct Store,Device Subsidy,No,No,Single,2
CUST_0941,G82U8,Pixel 8,Google,2023-09-23,2023-11-28,29,850000,5G,Android 14,256,81.1,6.8,12,A17 Pro,108,No,Both,0,24.87,08:00,17,5,7.51,Video,2,4,21,Agency,Selective Contract,No,Yes,Family,3
CUST_0942,SM-A546,Galaxy A54,Samsung,2025-05-16,2026-04-10,0,590000,5G,Android 14,1024,99.6,6.7,16,Snapdragon Gen 3,50,No,Face ID,590000,85.52,12:00,25,4,4.7,Video,3,5,38,Agency,Selective Contract,No,Yes,Family,3
CUST_0943,SM-S921,Galaxy S24,Samsung,2024-06-16,2025-06-06,10,1150000,5G,Android 14,1024,96.1,6.1,8,Snapdragon Gen 3,48,Yes,Fingerprint,670833,56.5,00:00,87,2,8.65,SNS,1,4,45,Online Shop,Selective Contract,Yes,Yes,Single,4
CUST_0944,G82U8,Pixel 8,Google,2024-05-14,2024-06-03,22,850000,5G,Android 14,256,89.0,6.1,12,A17 Pro,200,No,Both,70833,35.61,18:00,33,2,3.31,Business,1,10,47,Agency,Device Subsidy,Yes,No,Internet+TV,1
CUST_0945,SM-S921,Galaxy S24,Samsung,2024-06-25,2025-06-11,10,1150000,5G,Android 14,256,91.1,6.1,8,Snapdragon Gen 3,200,Yes,Fingerprint,670833,28.88,05:00,76,2,5.87,SNS,2,8,39,Online Shop,Device Subsidy,Yes,No,Family,2
CUST_0946,SM-S928,Galaxy S24 Ultra,Samsung,2024-04-24,2025-04-12,12,1690000,5G,Android 14,512,90.6,6.7,12,Snapdragon Gen 3,200,Yes,Fingerprint,1126666,10.47,17:00,38,0,0.59,Finance,3,5,25,Online Shop,Device Subsidy,Yes,No,Internet+TV,1
CUST_0947,A3106,iPhone 15 Pro,Apple,2023-04-20,2023-12-15,28,1550000,5G,iOS 17,1024,81.5,6.8,6,A17 Pro,200,No,Face ID,0,44.35,23:00,71,0,18.51,Business,0,4,35,Direct Store,Device Subsidy,Yes,No,Single,2
CUST_0948,23127PN0CG,Xiaomi 14,Xiaomi,2022-04-28,2023-01-10,39,900000,5G,Android 14,512,75.0,6.1,16,A17 Pro,200,No,Both,0,13.06,01:00,26,3,5.4,Finance,3,8,43,Direct Store,Device Subsidy,No,No,Family,1
CUST_0949,23127PN0CG,Xiaomi 14,Xiaomi,2023-05-30,2023-08-19,32,900000,5G,Android 14,128,82.9,6.1,16,A17 Pro,108,No,Face ID,0,72.13,13:00,19,2,11.47,Video,2,10,33,Agency,Device Subsidy,Yes,Yes,Internet+TV,4
CUST_0950,G82U8,Pixel 8,Google,2022-06-19,2022-07-28,45,850000,5G,Android 14,512,75.0,6.8,16,A17 Pro,108,No,Fingerprint,0,8.27,09:00,86,5,16.01,SNS,1,7,42,Direct Store,Selective Contract,Yes,Yes,Single,1
CUST_0951,23127PN0CG,Xiaomi 14,Xiaomi,2025-04-02,2025-06-07,10,900000,5G,Android 14,128,91.9,6.1,12,A17 Pro,108,No,Fingerprint,524999,67.75,08:00,12,0,14.0,SNS,3,7,41,Agency,Device Subsidy,Yes,Yes,Internet+TV,4
CUST_0952,23127PN0CG,Xiaomi 14,Xiaomi,2024-02-20,2024-05-18,23,900000,5G,Android 14,256,85.2,6.8,12,A17 Pro,48,Yes,Fingerprint,325000,75.92,06:00,67,4,12.86,Finance,3,1,28,Agency,Selective Contract,Yes,No,Internet+TV,0
CUST_0953,G82U8,Pixel 8,Google,2024-09-12,2025-09-04,7,850000,5G,Android 14,512,96.3,6.7,16,A17 Pro,108,No,Fingerprint,684722,43.08,21:00,51,4,8.57,Business,2,10,42,Direct Store,Device Subsidy,Yes,Yes,Internet+TV,3
CUST_0954,A3102,iPhone 15,Apple,2023-08-10,2023-10-10,30,1250000,5G,iOS 17,128,84.0,6.1,8,A17 Pro,48,No,Face ID,0,59.52,04:00,10,0,8.37,Video,2,8,39,Agency,Selective Contract,No,No,Family,4
CUST_0955,G82U8,Pixel 8,Google,2023-12-25,2024-06-25,22,850000,5G,Android 14,1024,85.9,6.7,12,A17 Pro,48,Yes,Fingerprint,70833,29.2,12:00,77,3,6.75,Business,1,5,39,Online Shop,Selective Contract,Yes,No,Family,2
CUST_0956,23127PN0CG,Xiaomi 14,Xiaomi,2025-03-22,2025-06-08,10,900000,5G,Android 14,256,96.4,6.8,16,A17 Pro,200,No,Fingerprint,650000,29.7,04:00,35,1,10.59,Shopping,3,1,34,Online Shop,Selective Contract,No,Yes,Internet+TV,0
CUST_0957,G82U8,Pixel 8,Google,2024-06-11,2025-01-06,15,850000,5G,Android 14,256,88.3,6.7,8,A17 Pro,50,No,Fingerprint,495833,81.94,05:00,15,5,6.66,Game,1,1,37,Direct Store,Device Subsidy,Yes,No,Internet+TV,4
CUST_0958,SM-A546,Galaxy A54,Samsung,2023-05-23,2024-04-13,24,590000,5G,Android 14,128,87.5,6.8,12,Snapdragon Gen 3,50,No,Face ID,196666,61.66,04:00,81,2,2.19,Video,3,10,26,Agency,Device Subsidy,No,No,Single,3
CUST_0959,A3106,iPhone 15 Pro,Apple,2023-09-14,2024-09-01,19,1550000,5G,iOS 17,1024,87.4,6.7,6,A17 Pro,108,Yes,Face ID,322916,59.44,18:00,90,4,0.9,Finance,3,1,23,Agency,Selective Contract,No,Yes,Internet+TV,0
CUST_0960,A3102,iPhone 15,Apple,2023-11-02,2024-07-30,21,1250000,5G,iOS 17,256,86.4,6.1,8,A17 Pro,50,No,Fingerprint,520833,63.0,01:00,39,0,11.27,Business,3,8,27,Agency,Selective Contract,No,No,Internet+TV,2
CUST_0961,SM-A546,Galaxy A54,Samsung,2024-02-02,2024-03-07,25,590000,5G,Android 14,1024,86.4,6.8,16,Snapdragon Gen 3,50,No,Both,0,24.14,16:00,60,5,10.29,Video,0,10,31,Online Shop,Device Subsidy,Yes,Yes,Family,0
CUST_0962,23127PN0CG,Xiaomi 14,Xiaomi,2022-04-30,2022-09-20,43,900000,5G,Android 14,256,75.0,6.8,8,A17 Pro,48,No,Fingerprint,0,32.79,22:00,10,3,8.06,Shopping,1,2,29,Online Shop,Device Subsidy,No,Yes,Family,1
CUST_0963,G82U8,Pixel 8,Google,2023-11-30,2024-09-13,19,850000,5G,Android 14,512,88.1,6.1,8,A17 Pro,50,No,Both,177083,93.69,04:00,38,5,9.48,Business,0,3,46,Online Shop,Device Subsidy,No,Yes,Single,3
CUST_0964,23127PN0CG,Xiaomi 14,Xiaomi,2022-10-12,2023-08-29,32,900000,5G,Android 14,1024,78.1,6.7,16,A17 Pro,108,No,Fingerprint,100000,81.94,20:00,66,3,9.93,Video,1,10,34,Online Shop,Device Subsidy,No,Yes,Family,4
CUST_0965,SM-S928,Galaxy S24 Ultra,Samsung,2022-07-20,2022-08-22,44,1690000,5G,Android 14,512,75.0,6.7,12,Snapdragon Gen 3,200,Yes,Face ID,0,57.99,17:00,36,4,5.27,Shopping,3,7,24,Agency,Device Subsidy,Yes,Yes,Internet+TV,3
CUST_0966,G82U8,Pixel 8,Google,2024-12-21,2025-04-21,12,850000,5G,Android 14,1024,93.9,6.8,16,A17 Pro,48,No,Both,425000,15.88,02:00,80,4,2.0,Shopping,3,2,34,Online Shop,Device Subsidy,No,Yes,Family,3
CUST_0967,SM-S921,Galaxy S24,Samsung,2025-07-22,2026-03-11,1,1150000,5G,Android 14,256,97.7,6.1,12,Snapdragon Gen 3,50,Yes,Face ID,1102083,61.0,22:00,75,5,18.59,Business,2,10,46,Direct Store,Device Subsidy,Yes,No,Single,3
CUST_0968,G82U8,Pixel 8,Google,2023-03-29,2023-12-15,28,850000,5G,Android 14,1024,85.4,6.1,12,A17 Pro,108,No,Fingerprint,0,99.67,15:00,66,1,14.79,SNS,1,2,28,Direct Store,Selective Contract,Yes,No,Family,0
CUST_0969,23127PN0CG,Xiaomi 14,Xiaomi,2025-04-18,2026-01-11,3,900000,5G,Android 14,1024,98.9,6.8,12,A17 Pro,108,Yes,Face ID,787500,54.07,11:00,75,4,4.18,Game,2,2,27,Direct Store,Device Subsidy,Yes,Yes,Single,2
CUST_0970,SM-S921,Galaxy S24,Samsung,2023-07-29,2024-04-28,24,1150000,5G,Android 14,1024,83.3,6.8,16,Snapdragon Gen 3,48,Yes,Both,383333,82.82,20:00,66,3,12.36,Shopping,0,3,25,Agency,Selective Contract,No,No,Family,4
CUST_0971,23127PN0CG,Xiaomi 14,Xiaomi,2023-07-06,2024-03-04,25,900000,5G,Android 14,512,82.1,6.7,16,A17 Pro,200,No,Fingerprint,0,82.84,02:00,65,1,18.75,Shopping,2,8,24,Direct Store,Device Subsidy,Yes,No,Internet+TV,3
CUST_0972,23127PN0CG,Xiaomi 14,Xiaomi,2024-12-02,2025-10-05,6,900000,5G,Android 14,256,97.4,6.7,16,A17 Pro,50,Yes,Fingerprint,675000,14.92,18:00,21,2,11.18,Finance,2,3,44,Online Shop,Device Subsidy,Yes,No,Single,3
CUST_0973,23127PN0CG,Xiaomi 14,Xiaomi,2022-09-26,2023-03-22,37,900000,5G,Android 14,512,78.0,6.1,12,A17 Pro,50,No,Face ID,0,80.72,12:00,70,5,5.09,SNS,0,6,41,Agency,Selective Contract,No,Yes,Internet+TV,3
CUST_0974,23127PN0CG,Xiaomi 14,Xiaomi,2023-06-10,2023-07-12,33,900000,5G,Android 14,1024,77.2,6.1,8,A17 Pro,48,No,Both,0,95.09,17:00,19,5,16.68,Video,0,4,43,Direct Store,Selective Contract,No,No,Internet+TV,0
CUST_0975,23127PN0CG,Xiaomi 14,Xiaomi,2023-02-02,2023-09-20,31,900000,5G,Android 14,512,78.6,6.8,8,A17 Pro,200,No,Both,0,61.19,20:00,40,1,15.41,Game,1,7,48,Agency,Selective Contract,Yes,No,Internet+TV,1
CUST_0976,SM-A546,Galaxy A54,Samsung,2024-10-05,2025-05-05,11,590000,5G,Android 14,1024,93.1,6.7,12,Snapdragon Gen 3,200,No,Fingerprint,319583,61.98,00:00,27,2,14.93,SNS,2,3,43,Online Shop,Device Subsidy,Yes,Yes,Internet+TV,1
CUST_0977,23127PN0CG,Xiaomi 14,Xiaomi,2025-05-31,2025-09-14,7,900000,5G,Android 14,1024,98.6,6.7,12,A17 Pro,48,Yes,Face ID,637499,89.65,14:00,88,0,6.55,Finance,2,5,44,Direct Store,Device Subsidy,No,No,Single,4
CUST_0978,A3102,iPhone 15,Apple,2024-06-11,2024-12-07,16,1250000,5G,iOS 17,128,90.1,6.7,8,A17 Pro,50,No,Fingerprint,694444,91.26,03:00,80,3,4.93,SNS,3,4,20,Agency,Selective Contract,No,No,Family,4
CUST_0979,A2894,iPhone 14,Apple,2024-10-17,2025-06-22,10,1000000,5G,iOS 17,1024,93.3,6.7,6,A17 Pro,48,Yes,Both,722222,82.13,10:00,10,1,14.86,Video,2,2,41,Agency,Device Subsidy,No,No,Internet+TV,2
CUST_0980,G82U8,Pixel 8,Google,2025-01-11,2025-04-13,12,850000,5G,Android 14,256,93.2,6.1,8,A17 Pro,48,No,Face ID,566666,49.54,08:00,58,5,14.78,Game,2,8,27,Agency,Device Subsidy,Yes,No,Single,0
CUST_0981,23127PN0CG,Xiaomi 14,Xiaomi,2022-11-14,2023-08-05,32,900000,5G,Android 14,1024,81.3,6.1,16,A17 Pro,48,No,Fingerprint,100000,25.3,18:00,51,2,4.88,Business,3,7,21,Agency,Device Subsidy,Yes,No,Internet+TV,0
CUST_0982,SM-S921,Galaxy S24,Samsung,2022-10-25,2023-06-27,34,1150000,5G,Android 14,256,77.1,6.7,8,Snapdragon Gen 3,48,No,Fingerprint,0,60.32,13:00,71,4,8.25,Finance,0,1,33,Agency,Device Subsidy,No,Yes,Single,4
CUST_0983,G82U8,Pixel 8,Google,2023-06-13,2023-11-14,29,850000,5G,Android 14,256,81.6,6.7,16,A17 Pro,48,Yes,Face ID,165277,84.7,18:00,35,1,18.49,Finance,0,6,48,Direct Store,Device Subsidy,Yes,Yes,Family,0
CUST_0984,SM-S921,Galaxy S24,Samsung,2024-09-22,2024-10-19,18,1150000,5G,Android 14,256,92.0,6.8,16,Snapdragon Gen 3,108,Yes,Both,575000,88.06,10:00,27,1,5.77,Game,0,5,43,Online Shop,Device Subsidy,No,No,Family,0
CUST_0985,SM-S928,Galaxy S24 Ultra,Samsung,2025-05-25,2025-10-03,6,1690000,5G,Android 14,512,97.8,6.7,12,Snapdragon Gen 3,50,Yes,Both,1267500,6.81,16:00,28,1,2.71,SNS,2,1,19,Direct Store,Device Subsidy,Yes,Yes,Internet+TV,1
CUST_0986,SM-S928,Galaxy S24 Ultra,Samsung,2023-09-14,2023-11-24,29,1690000,5G,Android 14,128,80.2,6.1,8,Snapdragon Gen 3,108,No,Fingerprint,0,85.78,07:00,83,0,3.85,Finance,1,6,23,Agency,Selective Contract,Yes,Yes,Single,1
CUST_0987,23127PN0CG,Xiaomi 14,Xiaomi,2023-07-06,2024-06-17,22,900000,5G,Android 14,512,85.8,6.8,12,A17 Pro,108,No,Both,75000,33.91,14:00,64,0,3.47,Shopping,3,7,24,Direct Store,Device Subsidy,Yes,No,Single,3
CUST_0988,G82U8,Pixel 8,Google,2022-04-25,2022-08-27,44,850000,5G,Android 14,512,75.0,6.7,8,A17 Pro,108,No,Fingerprint,0,21.85,10:00,32,3,19.64,Business,2,6,36,Online Shop,Selective Contract,No,No,Single,2
CUST_0989,A2894,iPhone 14,Apple,2022-12-15,2023-01-15,39,1000000,5G,iOS 17,1024,76.1,6.7,6,A17 Pro,50,No,Both,0,30.33,22:00,57,1,5.77,Business,2,7,31,Agency,Selective Contract,Yes,No,Single,4
CUST_0990,G82U8,Pixel 8,Google,2022-08-03,2023-05-12,35,850000,5G,Android 14,512,80.5,6.8,12,A17 Pro,200,Yes,Face ID,0,32.52,03:00,53,3,1.64,Finance,3,7,48,Online Shop,Device Subsidy,No,No,Single,2
CUST_0991,G82U8,Pixel 8,Google,2023-01-06,2023-08-13,32,850000,5G,Android 14,256,81.8,6.1,12,A17 Pro,50,No,Both,0,44.23,15:00,85,5,4.73,Shopping,0,7,21,Direct Store,Device Subsidy,Yes,Yes,Family,4
CUST_0992,A2894,iPhone 14,Apple,2023-03-26,2023-05-10,35,1000000,5G,iOS 17,128,77.5,6.7,6,A17 Pro,200,Yes,Face ID,27777,81.61,22:00,31,0,18.86,Video,3,8,48,Agency,Device Subsidy,Yes,No,Internet+TV,2
CUST_0993,A3102,iPhone 15,Apple,2025-01-30,2025-04-02,12,1250000,5G,iOS 17,512,92.2,6.7,8,A17 Pro,200,Yes,Face ID,625000,61.25,20:00,45,1,14.97,Finance,1,7,44,Agency,Selective Contract,No,No,Single,1
CUST_0994,SM-S928,Galaxy S24 Ultra,Samsung,2025-01-15,2025-11-10,5,1690000,5G,Android 14,512,94.1,6.7,16,Snapdragon Gen 3,48,Yes,Fingerprint,1455277,82.96,20:00,62,5,18.22,Finance,2,10,32,Online Shop,Selective Contract,No,Yes,Family,4
CUST_0995,A3102,iPhone 15,Apple,2023-12-23,2024-04-13,24,1250000,5G,iOS 17,128,82.8,6.7,6,A17 Pro,48,No,Both,416666,15.21,07:00,82,4,5.44,Shopping,0,2,24,Online Shop,Device Subsidy,No,No,Single,3
CUST_0996,G82U8,Pixel 8,Google,2024-09-01,2025-08-18,8,850000,5G,Android 14,512,95.4,6.8,16,A17 Pro,108,Yes,Both,566666,31.74,01:00,19,3,9.87,SNS,0,2,26,Agency,Device Subsidy,Yes,No,Single,2
CUST_0997,SM-S921,Galaxy S24,Samsung,2025-07-21,2025-12-27,4,1150000,5G,Android 14,256,100.0,6.8,12,Snapdragon Gen 3,200,Yes,Face ID,958333,19.3,17:00,14,5,19.3,Shopping,0,4,27,Online Shop,Device Subsidy,Yes,No,Internet+TV,2
CUST_0998,23127PN0CG,Xiaomi 14,Xiaomi,2024-12-11,2025-01-10,15,900000,5G,Android 14,256,89.9,6.8,12,A17 Pro,48,No,Both,337500,45.42,03:00,36,4,7.64,Game,2,8,21,Agency,Device Subsidy,No,Yes,Single,1
CUST_0999,SM-A546,Galaxy A54,Samsung,2024-02-01,2024-02-09,26,590000,5G,Android 14,256,83.2,6.1,8,Snapdragon Gen 3,48,No,Fingerprint,163888,68.56,03:00,26,4,9.19,Finance,2,6,22,Direct Store,Device Subsidy,Yes,No,Family,4
CUST_1000,23127PN0CG,Xiaomi 14,Xiaomi,2023-09-08,2024-02-05,26,900000,5G,Android 14,1024,82.5,6.1,8,A17 Pro,200,No,Both,0,27.69,03:00,58,0,15.65,Video,1,4,38,Online Shop,Device Subsidy,No,No,Single,0
